strategy,date,equity
h2_nowcast_trends_monthly,2016-07-04,1.011079
h2_nowcast_trends_monthly,2016-07-05,1.012541
h2_nowcast_trends_monthly,2016-07-06,1.029024
h2_nowcast_trends_monthly,2016-07-07,1.017446
h2_nowcast_trends_monthly,2016-07-08,1.018669
h2_nowcast_trends_monthly,2016-07-11,1.004887
h2_nowcast_trends_monthly,2016-07-12,1.022021
h2_nowcast_trends_monthly,2016-07-13,1.014732
h2_nowcast_trends_monthly,2016-07-14,1.016663
h2_nowcast_trends_monthly,2016-07-15,1.010393
h2_nowcast_trends_monthly,2016-07-18,1.009703
h2_nowcast_trends_monthly,2016-07-19,1.008923
h2_nowcast_trends_monthly,2016-07-20,1.015778
h2_nowcast_trends_monthly,2016-07-21,1.012428
h2_nowcast_trends_monthly,2016-07-22,1.023429
h2_nowcast_trends_monthly,2016-07-25,1.019107
h2_nowcast_trends_monthly,2016-07-26,1.027187
h2_nowcast_trends_monthly,2016-07-27,1.024201
h2_nowcast_trends_monthly,2016-07-28,1.030164
h2_nowcast_trends_monthly,2016-07-29,1.026612
h2_nowcast_trends_monthly,2016-08-01,1.01489
h2_nowcast_trends_monthly,2016-08-02,1.01286
h2_nowcast_trends_monthly,2016-08-03,1.01286
h2_nowcast_trends_monthly,2016-08-04,1.01286
h2_nowcast_trends_monthly,2016-08-05,1.01286
h2_nowcast_trends_monthly,2016-08-08,1.01286
h2_nowcast_trends_monthly,2016-08-09,1.01286
h2_nowcast_trends_monthly,2016-08-10,1.01286
h2_nowcast_trends_monthly,2016-08-11,1.01286
h2_nowcast_trends_monthly,2016-08-12,1.01286
h2_nowcast_trends_monthly,2016-08-15,1.01286
h2_nowcast_trends_monthly,2016-08-16,1.01286
h2_nowcast_trends_monthly,2016-08-17,1.01286
h2_nowcast_trends_monthly,2016-08-18,1.01286
h2_nowcast_trends_monthly,2016-08-19,1.01286
h2_nowcast_trends_monthly,2016-08-22,1.01286
h2_nowcast_trends_monthly,2016-08-23,1.01286
h2_nowcast_trends_monthly,2016-08-24,1.01286
h2_nowcast_trends_monthly,2016-08-25,1.01286
h2_nowcast_trends_monthly,2016-08-26,1.01286
h2_nowcast_trends_monthly,2016-08-29,1.01286
h2_nowcast_trends_monthly,2016-08-30,1.01286
h2_nowcast_trends_monthly,2016-08-31,1.01286
h2_nowcast_trends_monthly,2016-09-01,1.01286
h2_nowcast_trends_monthly,2016-09-02,1.01286
h2_nowcast_trends_monthly,2016-09-05,1.01286
h2_nowcast_trends_monthly,2016-09-06,1.01286
h2_nowcast_trends_monthly,2016-09-07,1.01286
h2_nowcast_trends_monthly,2016-09-08,1.01286
h2_nowcast_trends_monthly,2016-09-09,1.01286
h2_nowcast_trends_monthly,2016-09-12,1.01286
h2_nowcast_trends_monthly,2016-09-13,1.01286
h2_nowcast_trends_monthly,2016-09-14,1.01286
h2_nowcast_trends_monthly,2016-09-15,1.01286
h2_nowcast_trends_monthly,2016-09-16,1.01286
h2_nowcast_trends_monthly,2016-09-19,1.01286
h2_nowcast_trends_monthly,2016-09-20,1.01286
h2_nowcast_trends_monthly,2016-09-21,1.01286
h2_nowcast_trends_monthly,2016-09-22,1.01286
h2_nowcast_trends_monthly,2016-09-23,1.01286
h2_nowcast_trends_monthly,2016-09-26,1.01286
h2_nowcast_trends_monthly,2016-09-27,1.01286
h2_nowcast_trends_monthly,2016-09-28,1.01286
h2_nowcast_trends_monthly,2016-09-29,1.01286
h2_nowcast_trends_monthly,2016-09-30,1.01286
h2_nowcast_trends_monthly,2016-10-03,1.01286
h2_nowcast_trends_monthly,2016-10-04,1.01286
h2_nowcast_trends_monthly,2016-10-05,1.01286
h2_nowcast_trends_monthly,2016-10-06,1.01286
h2_nowcast_trends_monthly,2016-10-07,1.01286
h2_nowcast_trends_monthly,2016-10-10,1.01286
h2_nowcast_trends_monthly,2016-10-11,1.01286
h2_nowcast_trends_monthly,2016-10-12,1.01286
h2_nowcast_trends_monthly,2016-10-13,1.01286
h2_nowcast_trends_monthly,2016-10-14,1.01286
h2_nowcast_trends_monthly,2016-10-17,1.01286
h2_nowcast_trends_monthly,2016-10-18,1.01286
h2_nowcast_trends_monthly,2016-10-19,1.01286
h2_nowcast_trends_monthly,2016-10-20,1.01286
h2_nowcast_trends_monthly,2016-10-21,1.01286
h2_nowcast_trends_monthly,2016-10-24,1.01286
h2_nowcast_trends_monthly,2016-10-25,1.01286
h2_nowcast_trends_monthly,2016-10-26,1.01286
h2_nowcast_trends_monthly,2016-10-27,1.01286
h2_nowcast_trends_monthly,2016-10-28,1.01286
h2_nowcast_trends_monthly,2016-10-31,1.01286
h2_nowcast_trends_monthly,2016-11-01,1.01286
h2_nowcast_trends_monthly,2016-11-02,1.01286
h2_nowcast_trends_monthly,2016-11-03,1.01286
h2_nowcast_trends_monthly,2016-11-04,1.01286
h2_nowcast_trends_monthly,2016-11-07,1.01286
h2_nowcast_trends_monthly,2016-11-08,1.01286
h2_nowcast_trends_monthly,2016-11-09,1.01286
h2_nowcast_trends_monthly,2016-11-10,1.01286
h2_nowcast_trends_monthly,2016-11-11,1.01286
h2_nowcast_trends_monthly,2016-11-14,1.01286
h2_nowcast_trends_monthly,2016-11-15,1.01286
h2_nowcast_trends_monthly,2016-11-16,1.01286
h2_nowcast_trends_monthly,2016-11-17,1.01286
h2_nowcast_trends_monthly,2016-11-18,1.01286
h2_nowcast_trends_monthly,2016-11-21,1.01286
h2_nowcast_trends_monthly,2016-11-22,1.01286
h2_nowcast_trends_monthly,2016-11-23,1.01286
h2_nowcast_trends_monthly,2016-11-24,1.01286
h2_nowcast_trends_monthly,2016-11-25,1.01286
h2_nowcast_trends_monthly,2016-11-28,1.01286
h2_nowcast_trends_monthly,2016-11-29,1.01286
h2_nowcast_trends_monthly,2016-11-30,1.01286
h2_nowcast_trends_monthly,2016-12-01,1.01286
h2_nowcast_trends_monthly,2016-12-02,1.01286
h2_nowcast_trends_monthly,2016-12-05,1.01286
h2_nowcast_trends_monthly,2016-12-06,1.01286
h2_nowcast_trends_monthly,2016-12-07,1.01286
h2_nowcast_trends_monthly,2016-12-08,1.01286
h2_nowcast_trends_monthly,2016-12-09,1.01286
h2_nowcast_trends_monthly,2016-12-12,1.01286
h2_nowcast_trends_monthly,2016-12-13,1.01286
h2_nowcast_trends_monthly,2016-12-14,1.01286
h2_nowcast_trends_monthly,2016-12-15,1.01286
h2_nowcast_trends_monthly,2016-12-16,1.01286
h2_nowcast_trends_monthly,2016-12-19,1.01286
h2_nowcast_trends_monthly,2016-12-20,1.01286
h2_nowcast_trends_monthly,2016-12-21,1.01286
h2_nowcast_trends_monthly,2016-12-22,1.01286
h2_nowcast_trends_monthly,2016-12-23,1.01286
h2_nowcast_trends_monthly,2016-12-26,1.01286
h2_nowcast_trends_monthly,2016-12-27,1.01286
h2_nowcast_trends_monthly,2016-12-28,1.01286
h2_nowcast_trends_monthly,2016-12-29,1.01286
h2_nowcast_trends_monthly,2016-12-30,1.01286
h2_nowcast_trends_monthly,2017-01-02,1.011936
h2_nowcast_trends_monthly,2017-01-03,1.012747
h2_nowcast_trends_monthly,2017-01-04,1.028282
h2_nowcast_trends_monthly,2017-01-05,1.028172
h2_nowcast_trends_monthly,2017-01-06,1.034504
h2_nowcast_trends_monthly,2017-01-09,1.038931
h2_nowcast_trends_monthly,2017-01-10,1.04025
h2_nowcast_trends_monthly,2017-01-11,1.031463
h2_nowcast_trends_monthly,2017-01-12,1.025872
h2_nowcast_trends_monthly,2017-01-13,1.029955
h2_nowcast_trends_monthly,2017-01-16,1.033991
h2_nowcast_trends_monthly,2017-01-17,1.025865
h2_nowcast_trends_monthly,2017-01-18,1.014734
h2_nowcast_trends_monthly,2017-01-19,1.011163
h2_nowcast_trends_monthly,2017-01-20,1.007911
h2_nowcast_trends_monthly,2017-01-23,1.004026
h2_nowcast_trends_monthly,2017-01-24,1.0106
h2_nowcast_trends_monthly,2017-01-25,0.994883
h2_nowcast_trends_monthly,2017-01-26,0.988884
h2_nowcast_trends_monthly,2017-01-27,0.994399
h2_nowcast_trends_monthly,2017-01-30,0.998858
h2_nowcast_trends_monthly,2017-01-31,1.000904
h2_nowcast_trends_monthly,2017-02-01,0.992809
h2_nowcast_trends_monthly,2017-02-02,0.98886
h2_nowcast_trends_monthly,2017-02-03,1.000996
h2_nowcast_trends_monthly,2017-02-06,1.002703
h2_nowcast_trends_monthly,2017-02-07,0.993339
h2_nowcast_trends_monthly,2017-02-08,0.993844
h2_nowcast_trends_monthly,2017-02-09,0.987985
h2_nowcast_trends_monthly,2017-02-10,0.987927
h2_nowcast_trends_monthly,2017-02-13,0.983709
h2_nowcast_trends_monthly,2017-02-14,0.990275
h2_nowcast_trends_monthly,2017-02-15,0.989142
h2_nowcast_trends_monthly,2017-02-16,0.996882
h2_nowcast_trends_monthly,2017-02-17,0.996841
h2_nowcast_trends_monthly,2017-02-20,0.990695
h2_nowcast_trends_monthly,2017-02-21,0.984817
h2_nowcast_trends_monthly,2017-02-22,1.023467
h2_nowcast_trends_monthly,2017-02-23,1.012392
h2_nowcast_trends_monthly,2017-02-24,1.016107
h2_nowcast_trends_monthly,2017-02-27,1.025271
h2_nowcast_trends_monthly,2017-02-28,1.028094
h2_nowcast_trends_monthly,2017-03-01,1.024288
h2_nowcast_trends_monthly,2017-03-02,1.027136
h2_nowcast_trends_monthly,2017-03-03,1.032129
h2_nowcast_trends_monthly,2017-03-06,1.031978
h2_nowcast_trends_monthly,2017-03-07,1.034507
h2_nowcast_trends_monthly,2017-03-08,1.02707
h2_nowcast_trends_monthly,2017-03-09,1.022527
h2_nowcast_trends_monthly,2017-03-10,1.012194
h2_nowcast_trends_monthly,2017-03-13,1.01441
h2_nowcast_trends_monthly,2017-03-14,1.015971
h2_nowcast_trends_monthly,2017-03-15,1.016993
h2_nowcast_trends_monthly,2017-03-16,1.016564
h2_nowcast_trends_monthly,2017-03-17,1.013975
h2_nowcast_trends_monthly,2017-03-20,1.007622
h2_nowcast_trends_monthly,2017-03-21,1.010711
h2_nowcast_trends_monthly,2017-03-22,1.01498
h2_nowcast_trends_monthly,2017-03-23,1.014046
h2_nowcast_trends_monthly,2017-03-24,1.014593
h2_nowcast_trends_monthly,2017-03-27,1.011368
h2_nowcast_trends_monthly,2017-03-28,1.006742
h2_nowcast_trends_monthly,2017-03-29,1.011238
h2_nowcast_trends_monthly,2017-03-30,1.01764
h2_nowcast_trends_monthly,2017-03-31,1.027924
h2_nowcast_trends_monthly,2017-04-03,1.036051
h2_nowcast_trends_monthly,2017-04-04,1.035528
h2_nowcast_trends_monthly,2017-04-05,1.037775
h2_nowcast_trends_monthly,2017-04-06,1.043742
h2_nowcast_trends_monthly,2017-04-07,1.041553
h2_nowcast_trends_monthly,2017-04-10,1.035697
h2_nowcast_trends_monthly,2017-04-11,1.028611
h2_nowcast_trends_monthly,2017-04-12,1.031018
h2_nowcast_trends_monthly,2017-04-13,1.035635
h2_nowcast_trends_monthly,2017-04-14,1.034932
h2_nowcast_trends_monthly,2017-04-17,1.038188
h2_nowcast_trends_monthly,2017-04-18,1.038552
h2_nowcast_trends_monthly,2017-04-19,1.03401
h2_nowcast_trends_monthly,2017-04-20,1.034617
h2_nowcast_trends_monthly,2017-04-21,1.044814
h2_nowcast_trends_monthly,2017-04-24,1.039875
h2_nowcast_trends_monthly,2017-04-25,1.037678
h2_nowcast_trends_monthly,2017-04-26,1.034253
h2_nowcast_trends_monthly,2017-04-27,1.034695
h2_nowcast_trends_monthly,2017-04-28,1.028956
h2_nowcast_trends_monthly,2017-05-01,1.024906
h2_nowcast_trends_monthly,2017-05-02,1.020634
h2_nowcast_trends_monthly,2017-05-03,1.01815
h2_nowcast_trends_monthly,2017-05-04,1.014689
h2_nowcast_trends_monthly,2017-05-05,1.009987
h2_nowcast_trends_monthly,2017-05-08,0.99966
h2_nowcast_trends_monthly,2017-05-09,1.001102
h2_nowcast_trends_monthly,2017-05-10,0.99059
h2_nowcast_trends_monthly,2017-05-11,0.988735
h2_nowcast_trends_monthly,2017-05-12,0.987517
h2_nowcast_trends_monthly,2017-05-15,0.975566
h2_nowcast_trends_monthly,2017-05-16,0.978983
h2_nowcast_trends_monthly,2017-05-17,0.994163
h2_nowcast_trends_monthly,2017-05-18,0.990549
h2_nowcast_trends_monthly,2017-05-19,0.990368
h2_nowcast_trends_monthly,2017-05-22,0.986034
h2_nowcast_trends_monthly,2017-05-23,0.987041
h2_nowcast_trends_monthly,2017-05-24,0.985162
h2_nowcast_trends_monthly,2017-05-25,0.981121
h2_nowcast_trends_monthly,2017-05-26,0.995541
h2_nowcast_trends_monthly,2017-05-29,0.999179
h2_nowcast_trends_monthly,2017-05-30,0.997495
h2_nowcast_trends_monthly,2017-05-31,0.988793
h2_nowcast_trends_monthly,2017-06-01,0.987738
h2_nowcast_trends_monthly,2017-06-02,0.985763
h2_nowcast_trends_monthly,2017-06-05,0.985763
h2_nowcast_trends_monthly,2017-06-06,0.985763
h2_nowcast_trends_monthly,2017-06-07,0.985763
h2_nowcast_trends_monthly,2017-06-08,0.985763
h2_nowcast_trends_monthly,2017-06-09,0.985763
h2_nowcast_trends_monthly,2017-06-12,0.985763
h2_nowcast_trends_monthly,2017-06-13,0.985763
h2_nowcast_trends_monthly,2017-06-14,0.985763
h2_nowcast_trends_monthly,2017-06-15,0.985763
h2_nowcast_trends_monthly,2017-06-16,0.985763
h2_nowcast_trends_monthly,2017-06-19,0.985763
h2_nowcast_trends_monthly,2017-06-20,0.985763
h2_nowcast_trends_monthly,2017-06-21,0.985763
h2_nowcast_trends_monthly,2017-06-22,0.985763
h2_nowcast_trends_monthly,2017-06-23,0.985763
h2_nowcast_trends_monthly,2017-06-26,0.985763
h2_nowcast_trends_monthly,2017-06-27,0.985763
h2_nowcast_trends_monthly,2017-06-28,0.985763
h2_nowcast_trends_monthly,2017-06-29,0.985763
h2_nowcast_trends_monthly,2017-06-30,0.985763
h2_nowcast_trends_monthly,2017-07-03,0.985763
h2_nowcast_trends_monthly,2017-07-04,0.985763
h2_nowcast_trends_monthly,2017-07-05,0.985763
h2_nowcast_trends_monthly,2017-07-06,0.985763
h2_nowcast_trends_monthly,2017-07-07,0.985763
h2_nowcast_trends_monthly,2017-07-10,0.985763
h2_nowcast_trends_monthly,2017-07-11,0.985763
h2_nowcast_trends_monthly,2017-07-12,0.985763
h2_nowcast_trends_monthly,2017-07-13,0.985763
h2_nowcast_trends_monthly,2017-07-14,0.985763
h2_nowcast_trends_monthly,2017-07-17,0.985763
h2_nowcast_trends_monthly,2017-07-18,0.985763
h2_nowcast_trends_monthly,2017-07-19,0.985763
h2_nowcast_trends_monthly,2017-07-20,0.985763
h2_nowcast_trends_monthly,2017-07-21,0.985763
h2_nowcast_trends_monthly,2017-07-24,0.985763
h2_nowcast_trends_monthly,2017-07-25,0.985763
h2_nowcast_trends_monthly,2017-07-26,0.985763
h2_nowcast_trends_monthly,2017-07-27,0.985763
h2_nowcast_trends_monthly,2017-07-28,0.985763
h2_nowcast_trends_monthly,2017-07-31,0.985763
h2_nowcast_trends_monthly,2017-08-01,0.985763
h2_nowcast_trends_monthly,2017-08-02,0.985763
h2_nowcast_trends_monthly,2017-08-03,0.985763
h2_nowcast_trends_monthly,2017-08-04,0.985763
h2_nowcast_trends_monthly,2017-08-07,0.985763
h2_nowcast_trends_monthly,2017-08-08,0.985763
h2_nowcast_trends_monthly,2017-08-09,0.985763
h2_nowcast_trends_monthly,2017-08-10,0.985763
h2_nowcast_trends_monthly,2017-08-11,0.985763
h2_nowcast_trends_monthly,2017-08-14,0.985763
h2_nowcast_trends_monthly,2017-08-15,0.985763
h2_nowcast_trends_monthly,2017-08-16,0.985763
h2_nowcast_trends_monthly,2017-08-17,0.985763
h2_nowcast_trends_monthly,2017-08-18,0.985763
h2_nowcast_trends_monthly,2017-08-21,0.985763
h2_nowcast_trends_monthly,2017-08-22,0.985763
h2_nowcast_trends_monthly,2017-08-23,0.985763
h2_nowcast_trends_monthly,2017-08-24,0.985763
h2_nowcast_trends_monthly,2017-08-25,0.985763
h2_nowcast_trends_monthly,2017-08-28,0.985763
h2_nowcast_trends_monthly,2017-08-29,0.985763
h2_nowcast_trends_monthly,2017-08-30,0.985763
h2_nowcast_trends_monthly,2017-08-31,0.985763
h2_nowcast_trends_monthly,2017-09-01,0.985763
h2_nowcast_trends_monthly,2017-09-04,0.985763
h2_nowcast_trends_monthly,2017-09-05,0.985763
h2_nowcast_trends_monthly,2017-09-06,0.985763
h2_nowcast_trends_monthly,2017-09-07,0.985763
h2_nowcast_trends_monthly,2017-09-08,0.985763
h2_nowcast_trends_monthly,2017-09-11,0.985763
h2_nowcast_trends_monthly,2017-09-12,0.985763
h2_nowcast_trends_monthly,2017-09-13,0.985763
h2_nowcast_trends_monthly,2017-09-14,0.985763
h2_nowcast_trends_monthly,2017-09-15,0.985763
h2_nowcast_trends_monthly,2017-09-18,0.985763
h2_nowcast_trends_monthly,2017-09-19,0.985763
h2_nowcast_trends_monthly,2017-09-20,0.985763
h2_nowcast_trends_monthly,2017-09-21,0.985763
h2_nowcast_trends_monthly,2017-09-22,0.985763
h2_nowcast_trends_monthly,2017-09-25,0.985763
h2_nowcast_trends_monthly,2017-09-26,0.985763
h2_nowcast_trends_monthly,2017-09-27,0.985763
h2_nowcast_trends_monthly,2017-09-28,0.985763
h2_nowcast_trends_monthly,2017-09-29,0.985763
h2_nowcast_trends_monthly,2017-10-02,0.979901
h2_nowcast_trends_monthly,2017-10-03,0.979865
h2_nowcast_trends_monthly,2017-10-04,0.992383
h2_nowcast_trends_monthly,2017-10-05,1.001372
h2_nowcast_trends_monthly,2017-10-06,1.002562
h2_nowcast_trends_monthly,2017-10-09,0.993257
h2_nowcast_trends_monthly,2017-10-10,0.994037
h2_nowcast_trends_monthly,2017-10-11,0.99811
h2_nowcast_trends_monthly,2017-10-12,1.004455
h2_nowcast_trends_monthly,2017-10-13,0.999696
h2_nowcast_trends_monthly,2017-10-16,0.998089
h2_nowcast_trends_monthly,2017-10-17,1.000858
h2_nowcast_trends_monthly,2017-10-18,1.01109
h2_nowcast_trends_monthly,2017-10-19,1.006663
h2_nowcast_trends_monthly,2017-10-20,1.011923
h2_nowcast_trends_monthly,2017-10-23,1.02228
h2_nowcast_trends_monthly,2017-10-24,1.02129
h2_nowcast_trends_monthly,2017-10-25,1.020628
h2_nowcast_trends_monthly,2017-10-26,1.02293
h2_nowcast_trends_monthly,2017-10-27,1.027099
h2_nowcast_trends_monthly,2017-10-30,1.02658
h2_nowcast_trends_monthly,2017-10-31,1.030115
h2_nowcast_trends_monthly,2017-11-01,1.033875
h2_nowcast_trends_monthly,2017-11-02,1.031807
h2_nowcast_trends_monthly,2017-11-03,1.031807
h2_nowcast_trends_monthly,2017-11-06,1.031807
h2_nowcast_trends_monthly,2017-11-07,1.031807
h2_nowcast_trends_monthly,2017-11-08,1.031807
h2_nowcast_trends_monthly,2017-11-09,1.031807
h2_nowcast_trends_monthly,2017-11-10,1.031807
h2_nowcast_trends_monthly,2017-11-13,1.031807
h2_nowcast_trends_monthly,2017-11-14,1.031807
h2_nowcast_trends_monthly,2017-11-15,1.031807
h2_nowcast_trends_monthly,2017-11-16,1.031807
h2_nowcast_trends_monthly,2017-11-17,1.031807
h2_nowcast_trends_monthly,2017-11-20,1.031807
h2_nowcast_trends_monthly,2017-11-21,1.031807
h2_nowcast_trends_monthly,2017-11-22,1.031807
h2_nowcast_trends_monthly,2017-11-23,1.031807
h2_nowcast_trends_monthly,2017-11-24,1.031807
h2_nowcast_trends_monthly,2017-11-27,1.031807
h2_nowcast_trends_monthly,2017-11-28,1.031807
h2_nowcast_trends_monthly,2017-11-29,1.031807
h2_nowcast_trends_monthly,2017-11-30,1.031807
h2_nowcast_trends_monthly,2017-12-01,1.031807
h2_nowcast_trends_monthly,2017-12-04,1.031807
h2_nowcast_trends_monthly,2017-12-05,1.031807
h2_nowcast_trends_monthly,2017-12-06,1.031807
h2_nowcast_trends_monthly,2017-12-07,1.031807
h2_nowcast_trends_monthly,2017-12-08,1.031807
h2_nowcast_trends_monthly,2017-12-11,1.031807
h2_nowcast_trends_monthly,2017-12-12,1.031807
h2_nowcast_trends_monthly,2017-12-13,1.031807
h2_nowcast_trends_monthly,2017-12-14,1.031807
h2_nowcast_trends_monthly,2017-12-15,1.031807
h2_nowcast_trends_monthly,2017-12-18,1.031807
h2_nowcast_trends_monthly,2017-12-19,1.031807
h2_nowcast_trends_monthly,2017-12-20,1.031807
h2_nowcast_trends_monthly,2017-12-21,1.031807
h2_nowcast_trends_monthly,2017-12-22,1.031807
h2_nowcast_trends_monthly,2017-12-25,1.031807
h2_nowcast_trends_monthly,2017-12-26,1.031807
h2_nowcast_trends_monthly,2017-12-27,1.031807
h2_nowcast_trends_monthly,2017-12-28,1.031807
h2_nowcast_trends_monthly,2017-12-29,1.031807
h2_nowcast_trends_monthly,2018-01-01,1.031807
h2_nowcast_trends_monthly,2018-01-02,1.031807
h2_nowcast_trends_monthly,2018-01-03,1.031807
h2_nowcast_trends_monthly,2018-01-04,1.031807
h2_nowcast_trends_monthly,2018-01-05,1.031807
h2_nowcast_trends_monthly,2018-01-08,1.031807
h2_nowcast_trends_monthly,2018-01-09,1.031807
h2_nowcast_trends_monthly,2018-01-10,1.031807
h2_nowcast_trends_monthly,2018-01-11,1.031807
h2_nowcast_trends_monthly,2018-01-12,1.031807
h2_nowcast_trends_monthly,2018-01-15,1.031807
h2_nowcast_trends_monthly,2018-01-16,1.031807
h2_nowcast_trends_monthly,2018-01-17,1.031807
h2_nowcast_trends_monthly,2018-01-18,1.031807
h2_nowcast_trends_monthly,2018-01-19,1.031807
h2_nowcast_trends_monthly,2018-01-22,1.031807
h2_nowcast_trends_monthly,2018-01-23,1.031807
h2_nowcast_trends_monthly,2018-01-24,1.031807
h2_nowcast_trends_monthly,2018-01-25,1.031807
h2_nowcast_trends_monthly,2018-01-26,1.031807
h2_nowcast_trends_monthly,2018-01-29,1.031807
h2_nowcast_trends_monthly,2018-01-30,1.031807
h2_nowcast_trends_monthly,2018-01-31,1.031807
h2_nowcast_trends_monthly,2018-02-01,1.031807
h2_nowcast_trends_monthly,2018-02-02,1.031807
h2_nowcast_trends_monthly,2018-02-05,1.031807
h2_nowcast_trends_monthly,2018-02-06,1.031807
h2_nowcast_trends_monthly,2018-02-07,1.031807
h2_nowcast_trends_monthly,2018-02-08,1.031807
h2_nowcast_trends_monthly,2018-02-09,1.031807
h2_nowcast_trends_monthly,2018-02-12,1.031807
h2_nowcast_trends_monthly,2018-02-13,1.031807
h2_nowcast_trends_monthly,2018-02-14,1.031807
h2_nowcast_trends_monthly,2018-02-15,1.031807
h2_nowcast_trends_monthly,2018-02-16,1.031807
h2_nowcast_trends_monthly,2018-02-19,1.031807
h2_nowcast_trends_monthly,2018-02-20,1.031807
h2_nowcast_trends_monthly,2018-02-21,1.031807
h2_nowcast_trends_monthly,2018-02-22,1.031807
h2_nowcast_trends_monthly,2018-02-23,1.031807
h2_nowcast_trends_monthly,2018-02-26,1.031807
h2_nowcast_trends_monthly,2018-02-27,1.031807
h2_nowcast_trends_monthly,2018-02-28,1.031807
h2_nowcast_trends_monthly,2018-03-01,1.031807
h2_nowcast_trends_monthly,2018-03-02,1.031807
h2_nowcast_trends_monthly,2018-03-05,1.031807
h2_nowcast_trends_monthly,2018-03-06,1.031807
h2_nowcast_trends_monthly,2018-03-07,1.031807
h2_nowcast_trends_monthly,2018-03-08,1.031807
h2_nowcast_trends_monthly,2018-03-09,1.031807
h2_nowcast_trends_monthly,2018-03-12,1.031807
h2_nowcast_trends_monthly,2018-03-13,1.031807
h2_nowcast_trends_monthly,2018-03-14,1.031807
h2_nowcast_trends_monthly,2018-03-15,1.031807
h2_nowcast_trends_monthly,2018-03-16,1.031807
h2_nowcast_trends_monthly,2018-03-19,1.031807
h2_nowcast_trends_monthly,2018-03-20,1.031807
h2_nowcast_trends_monthly,2018-03-21,1.031807
h2_nowcast_trends_monthly,2018-03-22,1.031807
h2_nowcast_trends_monthly,2018-03-23,1.031807
h2_nowcast_trends_monthly,2018-03-26,1.031807
h2_nowcast_trends_monthly,2018-03-27,1.031807
h2_nowcast_trends_monthly,2018-03-28,1.031807
h2_nowcast_trends_monthly,2018-03-29,1.031807
h2_nowcast_trends_monthly,2018-03-30,1.031807
h2_nowcast_trends_monthly,2018-04-02,1.025684
h2_nowcast_trends_monthly,2018-04-03,1.0238
h2_nowcast_trends_monthly,2018-04-04,1.012181
h2_nowcast_trends_monthly,2018-04-05,1.011856
h2_nowcast_trends_monthly,2018-04-06,1.01228
h2_nowcast_trends_monthly,2018-04-09,1.015206
h2_nowcast_trends_monthly,2018-04-10,1.014219
h2_nowcast_trends_monthly,2018-04-11,1.02288
h2_nowcast_trends_monthly,2018-04-12,1.021195
h2_nowcast_trends_monthly,2018-04-13,1.026764
h2_nowcast_trends_monthly,2018-04-16,1.025358
h2_nowcast_trends_monthly,2018-04-17,1.031973
h2_nowcast_trends_monthly,2018-04-18,1.027471
h2_nowcast_trends_monthly,2018-04-19,1.038717
h2_nowcast_trends_monthly,2018-04-20,1.034257
h2_nowcast_trends_monthly,2018-04-23,1.044577
h2_nowcast_trends_monthly,2018-04-24,1.046827
h2_nowcast_trends_monthly,2018-04-25,1.051086
h2_nowcast_trends_monthly,2018-04-26,1.044595
h2_nowcast_trends_monthly,2018-04-27,1.045407
h2_nowcast_trends_monthly,2018-04-30,1.03677
h2_nowcast_trends_monthly,2018-05-01,1.032771
h2_nowcast_trends_monthly,2018-05-02,1.029032
h2_nowcast_trends_monthly,2018-05-03,1.030747
h2_nowcast_trends_monthly,2018-05-04,1.026454
h2_nowcast_trends_monthly,2018-05-07,1.033068
h2_nowcast_trends_monthly,2018-05-08,1.0164
h2_nowcast_trends_monthly,2018-05-09,0.999407
h2_nowcast_trends_monthly,2018-05-10,0.992734
h2_nowcast_trends_monthly,2018-05-11,1.003709
h2_nowcast_trends_monthly,2018-05-14,1.009026
h2_nowcast_trends_monthly,2018-05-15,1.008927
h2_nowcast_trends_monthly,2018-05-16,1.008466
h2_nowcast_trends_monthly,2018-05-17,1.010391
h2_nowcast_trends_monthly,2018-05-18,1.014143
h2_nowcast_trends_monthly,2018-05-21,1.012725
h2_nowcast_trends_monthly,2018-05-22,1.017599
h2_nowcast_trends_monthly,2018-05-23,1.019225
h2_nowcast_trends_monthly,2018-05-24,1.018664
h2_nowcast_trends_monthly,2018-05-25,1.023855
h2_nowcast_trends_monthly,2018-05-28,1.022548
h2_nowcast_trends_monthly,2018-05-29,1.031164
h2_nowcast_trends_monthly,2018-05-30,1.018857
h2_nowcast_trends_monthly,2018-05-31,1.017629
h2_nowcast_trends_monthly,2018-06-01,1.013631
h2_nowcast_trends_monthly,2018-06-04,1.014404
h2_nowcast_trends_monthly,2018-06-05,1.025892
h2_nowcast_trends_monthly,2018-06-06,1.02271
h2_nowcast_trends_monthly,2018-06-07,1.022949
h2_nowcast_trends_monthly,2018-06-08,1.022291
h2_nowcast_trends_monthly,2018-06-11,1.020055
h2_nowcast_trends_monthly,2018-06-12,1.024765
h2_nowcast_trends_monthly,2018-06-13,1.020578
h2_nowcast_trends_monthly,2018-06-14,1.023751
h2_nowcast_trends_monthly,2018-06-15,1.02085
h2_nowcast_trends_monthly,2018-06-18,1.012159
h2_nowcast_trends_monthly,2018-06-19,1.013844
h2_nowcast_trends_monthly,2018-06-20,1.021576
h2_nowcast_trends_monthly,2018-06-21,1.019858
h2_nowcast_trends_monthly,2018-06-22,1.025805
h2_nowcast_trends_monthly,2018-06-25,1.025168
h2_nowcast_trends_monthly,2018-06-26,1.028491
h2_nowcast_trends_monthly,2018-06-27,1.025551
h2_nowcast_trends_monthly,2018-06-28,1.026804
h2_nowcast_trends_monthly,2018-06-29,1.031531
h2_nowcast_trends_monthly,2018-07-02,1.034829
h2_nowcast_trends_monthly,2018-07-03,1.034405
h2_nowcast_trends_monthly,2018-07-04,1.033977
h2_nowcast_trends_monthly,2018-07-05,1.034183
h2_nowcast_trends_monthly,2018-07-06,1.045743
h2_nowcast_trends_monthly,2018-07-09,1.034359
h2_nowcast_trends_monthly,2018-07-10,1.034668
h2_nowcast_trends_monthly,2018-07-11,1.047953
h2_nowcast_trends_monthly,2018-07-12,1.053102
h2_nowcast_trends_monthly,2018-07-13,1.066734
h2_nowcast_trends_monthly,2018-07-16,1.072178
h2_nowcast_trends_monthly,2018-07-17,1.056135
h2_nowcast_trends_monthly,2018-07-18,1.062405
h2_nowcast_trends_monthly,2018-07-19,1.055281
h2_nowcast_trends_monthly,2018-07-20,1.050301
h2_nowcast_trends_monthly,2018-07-23,1.041871
h2_nowcast_trends_monthly,2018-07-24,1.0476
h2_nowcast_trends_monthly,2018-07-25,1.041122
h2_nowcast_trends_monthly,2018-07-26,1.031606
h2_nowcast_trends_monthly,2018-07-27,1.031803
h2_nowcast_trends_monthly,2018-07-30,1.052577
h2_nowcast_trends_monthly,2018-07-31,1.041121
h2_nowcast_trends_monthly,2018-08-01,1.045618
h2_nowcast_trends_monthly,2018-08-02,1.029454
h2_nowcast_trends_monthly,2018-08-03,1.027313
h2_nowcast_trends_monthly,2018-08-06,1.037469
h2_nowcast_trends_monthly,2018-08-07,1.014874
h2_nowcast_trends_monthly,2018-08-08,0.961561
h2_nowcast_trends_monthly,2018-08-09,0.988106
h2_nowcast_trends_monthly,2018-08-10,0.986365
h2_nowcast_trends_monthly,2018-08-13,0.994667
h2_nowcast_trends_monthly,2018-08-14,1.002015
h2_nowcast_trends_monthly,2018-08-15,1.002015
h2_nowcast_trends_monthly,2018-08-16,1.009376
h2_nowcast_trends_monthly,2018-08-17,1.02316
h2_nowcast_trends_monthly,2018-08-20,1.021927
h2_nowcast_trends_monthly,2018-08-21,1.024784
h2_nowcast_trends_monthly,2018-08-22,1.027089
h2_nowcast_trends_monthly,2018-08-23,1.026902
h2_nowcast_trends_monthly,2018-08-24,1.031511
h2_nowcast_trends_monthly,2018-08-27,1.021174
h2_nowcast_trends_monthly,2018-08-28,1.027626
h2_nowcast_trends_monthly,2018-08-29,1.029112
h2_nowcast_trends_monthly,2018-08-30,1.033218
h2_nowcast_trends_monthly,2018-08-31,1.038913
h2_nowcast_trends_monthly,2018-09-03,1.030743
h2_nowcast_trends_monthly,2018-09-04,1.028108
h2_nowcast_trends_monthly,2018-09-05,1.026408
h2_nowcast_trends_monthly,2018-09-06,1.036661
h2_nowcast_trends_monthly,2018-09-07,1.034154
h2_nowcast_trends_monthly,2018-09-10,1.037971
h2_nowcast_trends_monthly,2018-09-11,1.036224
h2_nowcast_trends_monthly,2018-09-12,1.027152
h2_nowcast_trends_monthly,2018-09-13,1.03198
h2_nowcast_trends_monthly,2018-09-14,1.029077
h2_nowcast_trends_monthly,2018-09-17,1.021509
h2_nowcast_trends_monthly,2018-09-18,1.027715
h2_nowcast_trends_monthly,2018-09-19,1.023601
h2_nowcast_trends_monthly,2018-09-20,1.027594
h2_nowcast_trends_monthly,2018-09-21,1.035031
h2_nowcast_trends_monthly,2018-09-24,1.037477
h2_nowcast_trends_monthly,2018-09-25,1.031903
h2_nowcast_trends_monthly,2018-09-26,1.03306
h2_nowcast_trends_monthly,2018-09-27,0.96621
h2_nowcast_trends_monthly,2018-09-28,0.969974
h2_nowcast_trends_monthly,2018-10-01,0.965008
h2_nowcast_trends_monthly,2018-10-02,0.960209
h2_nowcast_trends_monthly,2018-10-03,0.968236
h2_nowcast_trends_monthly,2018-10-04,0.959269
h2_nowcast_trends_monthly,2018-10-05,0.95326
h2_nowcast_trends_monthly,2018-10-08,0.956293
h2_nowcast_trends_monthly,2018-10-09,0.956113
h2_nowcast_trends_monthly,2018-10-10,0.959231
h2_nowcast_trends_monthly,2018-10-11,0.963151
h2_nowcast_trends_monthly,2018-10-12,0.961948
h2_nowcast_trends_monthly,2018-10-15,0.961103
h2_nowcast_trends_monthly,2018-10-16,0.963522
h2_nowcast_trends_monthly,2018-10-17,0.9637
h2_nowcast_trends_monthly,2018-10-18,0.962058
h2_nowcast_trends_monthly,2018-10-19,0.956221
h2_nowcast_trends_monthly,2018-10-22,0.947523
h2_nowcast_trends_monthly,2018-10-23,0.94785
h2_nowcast_trends_monthly,2018-10-24,0.928503
h2_nowcast_trends_monthly,2018-10-25,0.935646
h2_nowcast_trends_monthly,2018-10-26,0.9422
h2_nowcast_trends_monthly,2018-10-29,0.956097
h2_nowcast_trends_monthly,2018-10-30,0.936835
h2_nowcast_trends_monthly,2018-10-31,0.937576
h2_nowcast_trends_monthly,2018-11-01,0.941351
h2_nowcast_trends_monthly,2018-11-02,0.936978
h2_nowcast_trends_monthly,2018-11-05,0.94006
h2_nowcast_trends_monthly,2018-11-06,0.940609
h2_nowcast_trends_monthly,2018-11-07,0.938565
h2_nowcast_trends_monthly,2018-11-08,0.952973
h2_nowcast_trends_monthly,2018-11-09,0.955853
h2_nowcast_trends_monthly,2018-11-12,0.963393
h2_nowcast_trends_monthly,2018-11-13,0.967315
h2_nowcast_trends_monthly,2018-11-14,0.966673
h2_nowcast_trends_monthly,2018-11-15,0.967471
h2_nowcast_trends_monthly,2018-11-16,0.970264
h2_nowcast_trends_monthly,2018-11-19,0.982593
h2_nowcast_trends_monthly,2018-11-20,0.980807
h2_nowcast_trends_monthly,2018-11-21,0.9727
h2_nowcast_trends_monthly,2018-11-22,0.964293
h2_nowcast_trends_monthly,2018-11-23,0.971133
h2_nowcast_trends_monthly,2018-11-26,0.97214
h2_nowcast_trends_monthly,2018-11-27,0.972206
h2_nowcast_trends_monthly,2018-11-28,0.967166
h2_nowcast_trends_monthly,2018-11-29,0.958081
h2_nowcast_trends_monthly,2018-11-30,0.958979
h2_nowcast_trends_monthly,2018-12-03,0.95723
h2_nowcast_trends_monthly,2018-12-04,0.963347
h2_nowcast_trends_monthly,2018-12-05,0.968438
h2_nowcast_trends_monthly,2018-12-06,0.966474
h2_nowcast_trends_monthly,2018-12-07,0.957655
h2_nowcast_trends_monthly,2018-12-10,0.953342
h2_nowcast_trends_monthly,2018-12-11,0.950718
h2_nowcast_trends_monthly,2018-12-12,0.941294
h2_nowcast_trends_monthly,2018-12-13,0.933299
h2_nowcast_trends_monthly,2018-12-14,0.937484
h2_nowcast_trends_monthly,2018-12-17,0.935764
h2_nowcast_trends_monthly,2018-12-18,0.938777
h2_nowcast_trends_monthly,2018-12-19,0.93818
h2_nowcast_trends_monthly,2018-12-20,0.936804
h2_nowcast_trends_monthly,2018-12-21,0.936717
h2_nowcast_trends_monthly,2018-12-24,0.942187
h2_nowcast_trends_monthly,2018-12-25,0.950675
h2_nowcast_trends_monthly,2018-12-26,0.948674
h2_nowcast_trends_monthly,2018-12-27,0.952548
h2_nowcast_trends_monthly,2018-12-28,0.951894
h2_nowcast_trends_monthly,2018-12-31,0.950605
h2_nowcast_trends_monthly,2019-01-01,0.950605
h2_nowcast_trends_monthly,2019-01-02,0.948704
h2_nowcast_trends_monthly,2019-01-03,0.948704
h2_nowcast_trends_monthly,2019-01-04,0.948704
h2_nowcast_trends_monthly,2019-01-07,0.948704
h2_nowcast_trends_monthly,2019-01-08,0.948704
h2_nowcast_trends_monthly,2019-01-09,0.948704
h2_nowcast_trends_monthly,2019-01-10,0.948704
h2_nowcast_trends_monthly,2019-01-11,0.948704
h2_nowcast_trends_monthly,2019-01-14,0.948704
h2_nowcast_trends_monthly,2019-01-15,0.948704
h2_nowcast_trends_monthly,2019-01-16,0.948704
h2_nowcast_trends_monthly,2019-01-17,0.948704
h2_nowcast_trends_monthly,2019-01-18,0.948704
h2_nowcast_trends_monthly,2019-01-21,0.948704
h2_nowcast_trends_monthly,2019-01-22,0.948704
h2_nowcast_trends_monthly,2019-01-23,0.948704
h2_nowcast_trends_monthly,2019-01-24,0.948704
h2_nowcast_trends_monthly,2019-01-25,0.948704
h2_nowcast_trends_monthly,2019-01-28,0.948704
h2_nowcast_trends_monthly,2019-01-29,0.948704
h2_nowcast_trends_monthly,2019-01-30,0.948704
h2_nowcast_trends_monthly,2019-01-31,0.948704
h2_nowcast_trends_monthly,2019-02-01,0.948704
h2_nowcast_trends_monthly,2019-02-04,0.964827
h2_nowcast_trends_monthly,2019-02-05,0.956097
h2_nowcast_trends_monthly,2019-02-06,0.940839
h2_nowcast_trends_monthly,2019-02-07,0.922718
h2_nowcast_trends_monthly,2019-02-08,0.924445
h2_nowcast_trends_monthly,2019-02-11,0.924445
h2_nowcast_trends_monthly,2019-02-12,0.934802
h2_nowcast_trends_monthly,2019-02-13,0.921091
h2_nowcast_trends_monthly,2019-02-14,0.937009
h2_nowcast_trends_monthly,2019-02-15,0.910045
h2_nowcast_trends_monthly,2019-02-18,0.92687
h2_nowcast_trends_monthly,2019-02-19,0.925899
h2_nowcast_trends_monthly,2019-02-20,0.926751
h2_nowcast_trends_monthly,2019-02-21,0.955682
h2_nowcast_trends_monthly,2019-02-22,0.965322
h2_nowcast_trends_monthly,2019-02-25,0.968575
h2_nowcast_trends_monthly,2019-02-26,0.975878
h2_nowcast_trends_monthly,2019-02-27,0.960799
h2_nowcast_trends_monthly,2019-02-28,0.951058
h2_nowcast_trends_monthly,2019-03-01,0.949969
h2_nowcast_trends_monthly,2019-03-04,0.969454
h2_nowcast_trends_monthly,2019-03-05,0.971028
h2_nowcast_trends_monthly,2019-03-06,0.96614
h2_nowcast_trends_monthly,2019-03-07,0.954504
h2_nowcast_trends_monthly,2019-03-08,0.969546
h2_nowcast_trends_monthly,2019-03-11,0.96942
h2_nowcast_trends_monthly,2019-03-12,0.969832
h2_nowcast_trends_monthly,2019-03-13,0.976465
h2_nowcast_trends_monthly,2019-03-14,0.951386
h2_nowcast_trends_monthly,2019-03-15,0.940822
h2_nowcast_trends_monthly,2019-03-18,0.92769
h2_nowcast_trends_monthly,2019-03-19,0.929576
h2_nowcast_trends_monthly,2019-03-20,0.933611
h2_nowcast_trends_monthly,2019-03-21,0.940808
h2_nowcast_trends_monthly,2019-03-22,0.947115
h2_nowcast_trends_monthly,2019-03-25,0.945634
h2_nowcast_trends_monthly,2019-03-26,0.968022
h2_nowcast_trends_monthly,2019-03-27,0.962275
h2_nowcast_trends_monthly,2019-03-28,0.980568
h2_nowcast_trends_monthly,2019-03-29,0.980462
h2_nowcast_trends_monthly,2019-04-01,0.979093
h2_nowcast_trends_monthly,2019-04-02,0.980644
h2_nowcast_trends_monthly,2019-04-03,0.981175
h2_nowcast_trends_monthly,2019-04-04,0.977718
h2_nowcast_trends_monthly,2019-04-05,0.979709
h2_nowcast_trends_monthly,2019-04-08,0.972788
h2_nowcast_trends_monthly,2019-04-09,0.975225
h2_nowcast_trends_monthly,2019-04-10,0.976717
h2_nowcast_trends_monthly,2019-04-11,0.975145
h2_nowcast_trends_monthly,2019-04-12,0.970752
h2_nowcast_trends_monthly,2019-04-15,0.97723
h2_nowcast_trends_monthly,2019-04-16,0.979704
h2_nowcast_trends_monthly,2019-04-17,0.977409
h2_nowcast_trends_monthly,2019-04-18,0.980258
h2_nowcast_trends_monthly,2019-04-19,0.980271
h2_nowcast_trends_monthly,2019-04-22,0.978512
h2_nowcast_trends_monthly,2019-04-23,0.982765
h2_nowcast_trends_monthly,2019-04-24,0.976028
h2_nowcast_trends_monthly,2019-04-25,0.972034
h2_nowcast_trends_monthly,2019-04-26,0.971619
h2_nowcast_trends_monthly,2019-04-29,0.971619
h2_nowcast_trends_monthly,2019-04-30,0.975281
h2_nowcast_trends_monthly,2019-05-01,0.975281
h2_nowcast_trends_monthly,2019-05-02,0.980256
h2_nowcast_trends_monthly,2019-05-03,0.979577
h2_nowcast_trends_monthly,2019-05-06,0.977204
h2_nowcast_trends_monthly,2019-05-07,0.979132
h2_nowcast_trends_monthly,2019-05-08,0.979744
h2_nowcast_trends_monthly,2019-05-09,0.967714
h2_nowcast_trends_monthly,2019-05-10,0.970163
h2_nowcast_trends_monthly,2019-05-13,0.967739
h2_nowcast_trends_monthly,2019-05-14,0.977983
h2_nowcast_trends_monthly,2019-05-15,0.992297
h2_nowcast_trends_monthly,2019-05-16,0.989459
h2_nowcast_trends_monthly,2019-05-17,0.975771
h2_nowcast_trends_monthly,2019-05-20,0.97933
h2_nowcast_trends_monthly,2019-05-21,0.982545
h2_nowcast_trends_monthly,2019-05-22,0.985071
h2_nowcast_trends_monthly,2019-05-23,0.980129
h2_nowcast_trends_monthly,2019-05-24,0.977789
h2_nowcast_trends_monthly,2019-05-27,0.974248
h2_nowcast_trends_monthly,2019-05-28,0.97822
h2_nowcast_trends_monthly,2019-05-29,0.983325
h2_nowcast_trends_monthly,2019-05-30,0.987819
h2_nowcast_trends_monthly,2019-05-31,0.98896
h2_nowcast_trends_monthly,2019-06-03,0.990103
h2_nowcast_trends_monthly,2019-06-04,0.99488
h2_nowcast_trends_monthly,2019-06-05,0.996483
h2_nowcast_trends_monthly,2019-06-06,0.99638
h2_nowcast_trends_monthly,2019-06-07,0.990501
h2_nowcast_trends_monthly,2019-06-10,1.003792
h2_nowcast_trends_monthly,2019-06-11,1.004723
h2_nowcast_trends_monthly,2019-06-12,1.007194
h2_nowcast_trends_monthly,2019-06-13,1.005225
h2_nowcast_trends_monthly,2019-06-14,1.005339
h2_nowcast_trends_monthly,2019-06-17,1.002877
h2_nowcast_trends_monthly,2019-06-18,1.007431
h2_nowcast_trends_monthly,2019-06-19,1.00891
h2_nowcast_trends_monthly,2019-06-20,1.009023
h2_nowcast_trends_monthly,2019-06-21,1.005242
h2_nowcast_trends_monthly,2019-06-24,1.007459
h2_nowcast_trends_monthly,2019-06-25,1.018383
h2_nowcast_trends_monthly,2019-06-26,1.014485
h2_nowcast_trends_monthly,2019-06-27,1.002725
h2_nowcast_trends_monthly,2019-06-28,0.994273
h2_nowcast_trends_monthly,2019-07-01,0.991073
h2_nowcast_trends_monthly,2019-07-02,0.987457
h2_nowcast_trends_monthly,2019-07-03,0.984514
h2_nowcast_trends_monthly,2019-07-04,0.977706
h2_nowcast_trends_monthly,2019-07-05,0.976607
h2_nowcast_trends_monthly,2019-07-08,0.975214
h2_nowcast_trends_monthly,2019-07-09,0.967558
h2_nowcast_trends_monthly,2019-07-10,0.969179
h2_nowcast_trends_monthly,2019-07-11,0.962155
h2_nowcast_trends_monthly,2019-07-12,0.95028
h2_nowcast_trends_monthly,2019-07-15,0.945767
h2_nowcast_trends_monthly,2019-07-16,0.945312
h2_nowcast_trends_monthly,2019-07-17,0.946149
h2_nowcast_trends_monthly,2019-07-18,0.941077
h2_nowcast_trends_monthly,2019-07-19,0.948983
h2_nowcast_trends_monthly,2019-07-22,0.953024
h2_nowcast_trends_monthly,2019-07-23,0.953766
h2_nowcast_trends_monthly,2019-07-24,0.949029
h2_nowcast_trends_monthly,2019-07-25,0.942848
h2_nowcast_trends_monthly,2019-07-26,0.934172
h2_nowcast_trends_monthly,2019-07-29,0.934566
h2_nowcast_trends_monthly,2019-07-30,0.940433
h2_nowcast_trends_monthly,2019-07-31,0.94136
h2_nowcast_trends_monthly,2019-08-01,0.94511
h2_nowcast_trends_monthly,2019-08-02,0.933482
h2_nowcast_trends_monthly,2019-08-05,0.928077
h2_nowcast_trends_monthly,2019-08-06,0.922177
h2_nowcast_trends_monthly,2019-08-07,0.923421
h2_nowcast_trends_monthly,2019-08-08,0.932754
h2_nowcast_trends_monthly,2019-08-09,0.946196
h2_nowcast_trends_monthly,2019-08-12,0.946674
h2_nowcast_trends_monthly,2019-08-13,0.97214
h2_nowcast_trends_monthly,2019-08-14,0.978841
h2_nowcast_trends_monthly,2019-08-15,0.98064
h2_nowcast_trends_monthly,2019-08-16,0.974377
h2_nowcast_trends_monthly,2019-08-19,0.972607
h2_nowcast_trends_monthly,2019-08-20,0.957035
h2_nowcast_trends_monthly,2019-08-21,0.953215
h2_nowcast_trends_monthly,2019-08-22,0.940305
h2_nowcast_trends_monthly,2019-08-23,0.944889
h2_nowcast_trends_monthly,2019-08-26,0.921171
h2_nowcast_trends_monthly,2019-08-27,0.917796
h2_nowcast_trends_monthly,2019-08-28,0.925061
h2_nowcast_trends_monthly,2019-08-29,0.938217
h2_nowcast_trends_monthly,2019-08-30,0.938977
h2_nowcast_trends_monthly,2019-09-02,0.937099
h2_nowcast_trends_monthly,2019-09-03,0.937099
h2_nowcast_trends_monthly,2019-09-04,0.937099
h2_nowcast_trends_monthly,2019-09-05,0.937099
h2_nowcast_trends_monthly,2019-09-06,0.937099
h2_nowcast_trends_monthly,2019-09-09,0.937099
h2_nowcast_trends_monthly,2019-09-10,0.937099
h2_nowcast_trends_monthly,2019-09-11,0.937099
h2_nowcast_trends_monthly,2019-09-12,0.937099
h2_nowcast_trends_monthly,2019-09-13,0.937099
h2_nowcast_trends_monthly,2019-09-16,0.937099
h2_nowcast_trends_monthly,2019-09-17,0.937099
h2_nowcast_trends_monthly,2019-09-18,0.937099
h2_nowcast_trends_monthly,2019-09-19,0.937099
h2_nowcast_trends_monthly,2019-09-20,0.937099
h2_nowcast_trends_monthly,2019-09-23,0.937099
h2_nowcast_trends_monthly,2019-09-24,0.937099
h2_nowcast_trends_monthly,2019-09-25,0.937099
h2_nowcast_trends_monthly,2019-09-26,0.937099
h2_nowcast_trends_monthly,2019-09-27,0.937099
h2_nowcast_trends_monthly,2019-09-30,0.937099
h2_nowcast_trends_monthly,2019-10-01,0.937099
h2_nowcast_trends_monthly,2019-10-02,0.931445
h2_nowcast_trends_monthly,2019-10-03,0.934371
h2_nowcast_trends_monthly,2019-10-04,0.934973
h2_nowcast_trends_monthly,2019-10-07,0.945548
h2_nowcast_trends_monthly,2019-10-08,0.943683
h2_nowcast_trends_monthly,2019-10-09,0.947169
h2_nowcast_trends_monthly,2019-10-10,0.951485
h2_nowcast_trends_monthly,2019-10-11,0.957
h2_nowcast_trends_monthly,2019-10-14,0.957255
h2_nowcast_trends_monthly,2019-10-15,0.950065
h2_nowcast_trends_monthly,2019-10-16,0.945844
h2_nowcast_trends_monthly,2019-10-17,0.923155
h2_nowcast_trends_monthly,2019-10-18,0.924452
h2_nowcast_trends_monthly,2019-10-21,0.917432
h2_nowcast_trends_monthly,2019-10-22,0.91788
h2_nowcast_trends_monthly,2019-10-23,0.9089
h2_nowcast_trends_monthly,2019-10-24,0.896113
h2_nowcast_trends_monthly,2019-10-25,0.879004
h2_nowcast_trends_monthly,2019-10-27,0.879004
h2_nowcast_trends_monthly,2019-10-28,0.890036
h2_nowcast_trends_monthly,2019-10-29,0.881515
h2_nowcast_trends_monthly,2019-10-30,0.89632
h2_nowcast_trends_monthly,2019-10-31,0.887794
h2_nowcast_trends_monthly,2019-11-01,0.889226
h2_nowcast_trends_monthly,2019-11-04,0.89736
h2_nowcast_trends_monthly,2019-11-05,0.908513
h2_nowcast_trends_monthly,2019-11-06,0.905254
h2_nowcast_trends_monthly,2019-11-07,0.918848
h2_nowcast_trends_monthly,2019-11-08,0.914385
h2_nowcast_trends_monthly,2019-11-11,0.908858
h2_nowcast_trends_monthly,2019-11-12,0.909388
h2_nowcast_trends_monthly,2019-11-13,0.926827
h2_nowcast_trends_monthly,2019-11-14,0.902371
h2_nowcast_trends_monthly,2019-11-15,0.902588
h2_nowcast_trends_monthly,2019-11-18,0.903576
h2_nowcast_trends_monthly,2019-11-19,0.912289
h2_nowcast_trends_monthly,2019-11-20,0.909722
h2_nowcast_trends_monthly,2019-11-21,0.914029
h2_nowcast_trends_monthly,2019-11-22,0.924304
h2_nowcast_trends_monthly,2019-11-25,0.929059
h2_nowcast_trends_monthly,2019-11-26,0.939118
h2_nowcast_trends_monthly,2019-11-27,0.937788
h2_nowcast_trends_monthly,2019-11-28,0.933314
h2_nowcast_trends_monthly,2019-11-29,0.935341
h2_nowcast_trends_monthly,2019-12-02,0.934669
h2_nowcast_trends_monthly,2019-12-03,0.937433
h2_nowcast_trends_monthly,2019-12-04,0.923616
h2_nowcast_trends_monthly,2019-12-05,0.921942
h2_nowcast_trends_monthly,2019-12-06,0.926996
h2_nowcast_trends_monthly,2019-12-09,0.932016
h2_nowcast_trends_monthly,2019-12-10,0.934001
h2_nowcast_trends_monthly,2019-12-11,0.944065
h2_nowcast_trends_monthly,2019-12-12,0.947805
h2_nowcast_trends_monthly,2019-12-13,0.952307
h2_nowcast_trends_monthly,2019-12-16,0.942162
h2_nowcast_trends_monthly,2019-12-17,0.937276
h2_nowcast_trends_monthly,2019-12-18,0.940921
h2_nowcast_trends_monthly,2019-12-19,0.948435
h2_nowcast_trends_monthly,2019-12-20,0.951722
h2_nowcast_trends_monthly,2019-12-23,0.943626
h2_nowcast_trends_monthly,2019-12-24,0.941436
h2_nowcast_trends_monthly,2019-12-25,0.940013
h2_nowcast_trends_monthly,2019-12-26,0.93436
h2_nowcast_trends_monthly,2019-12-27,0.938921
h2_nowcast_trends_monthly,2019-12-30,0.939362
h2_nowcast_trends_monthly,2019-12-31,0.935482
h2_nowcast_trends_monthly,2020-01-01,0.934205
h2_nowcast_trends_monthly,2020-01-02,0.93304
h2_nowcast_trends_monthly,2020-01-03,0.935879
h2_nowcast_trends_monthly,2020-01-06,0.932126
h2_nowcast_trends_monthly,2020-01-07,0.930663
h2_nowcast_trends_monthly,2020-01-08,0.927031
h2_nowcast_trends_monthly,2020-01-09,0.932871
h2_nowcast_trends_monthly,2020-01-10,0.928968
h2_nowcast_trends_monthly,2020-01-13,0.924083
h2_nowcast_trends_monthly,2020-01-14,0.920829
h2_nowcast_trends_monthly,2020-01-15,0.919477
h2_nowcast_trends_monthly,2020-01-16,0.92308
h2_nowcast_trends_monthly,2020-01-17,0.932099
h2_nowcast_trends_monthly,2020-01-20,0.919243
h2_nowcast_trends_monthly,2020-01-21,0.919124
h2_nowcast_trends_monthly,2020-01-22,0.916805
h2_nowcast_trends_monthly,2020-01-23,0.918821
h2_nowcast_trends_monthly,2020-01-24,0.92064
h2_nowcast_trends_monthly,2020-01-27,0.922621
h2_nowcast_trends_monthly,2020-01-28,0.956982
h2_nowcast_trends_monthly,2020-01-29,0.962445
h2_nowcast_trends_monthly,2020-01-30,0.968684
h2_nowcast_trends_monthly,2020-01-31,0.960044
h2_nowcast_trends_monthly,2020-02-03,0.963556
h2_nowcast_trends_monthly,2020-02-04,0.980212
h2_nowcast_trends_monthly,2020-02-05,0.983806
h2_nowcast_trends_monthly,2020-02-06,0.98764
h2_nowcast_trends_monthly,2020-02-07,0.981207
h2_nowcast_trends_monthly,2020-02-10,0.978041
h2_nowcast_trends_monthly,2020-02-11,0.969623
h2_nowcast_trends_monthly,2020-02-12,0.973809
h2_nowcast_trends_monthly,2020-02-13,0.976939
h2_nowcast_trends_monthly,2020-02-14,0.967408
h2_nowcast_trends_monthly,2020-02-17,0.97191
h2_nowcast_trends_monthly,2020-02-18,0.975618
h2_nowcast_trends_monthly,2020-02-19,0.977913
h2_nowcast_trends_monthly,2020-02-20,0.972537
h2_nowcast_trends_monthly,2020-02-21,0.973116
h2_nowcast_trends_monthly,2020-02-24,0.965919
h2_nowcast_trends_monthly,2020-02-25,0.966355
h2_nowcast_trends_monthly,2020-02-26,0.955038
h2_nowcast_trends_monthly,2020-02-27,0.965153
h2_nowcast_trends_monthly,2020-02-28,0.95545
h2_nowcast_trends_monthly,2020-03-02,0.954146
h2_nowcast_trends_monthly,2020-03-03,0.969212
h2_nowcast_trends_monthly,2020-03-04,0.967631
h2_nowcast_trends_monthly,2020-03-05,0.95606
h2_nowcast_trends_monthly,2020-03-06,0.958433
h2_nowcast_trends_monthly,2020-03-09,0.912138
h2_nowcast_trends_monthly,2020-03-10,0.913577
h2_nowcast_trends_monthly,2020-03-11,0.924662
h2_nowcast_trends_monthly,2020-03-12,0.902197
h2_nowcast_trends_monthly,2020-03-13,0.906878
h2_nowcast_trends_monthly,2020-03-16,0.887494
h2_nowcast_trends_monthly,2020-03-17,0.892232
h2_nowcast_trends_monthly,2020-03-18,0.893886
h2_nowcast_trends_monthly,2020-03-19,0.865027
h2_nowcast_trends_monthly,2020-03-20,0.889354
h2_nowcast_trends_monthly,2020-03-23,0.872372
h2_nowcast_trends_monthly,2020-03-24,0.880372
h2_nowcast_trends_monthly,2020-03-25,0.902484
h2_nowcast_trends_monthly,2020-03-26,0.898647
h2_nowcast_trends_monthly,2020-03-27,0.901778
h2_nowcast_trends_monthly,2020-03-30,0.908795
h2_nowcast_trends_monthly,2020-03-31,0.943137
h2_nowcast_trends_monthly,2020-04-01,0.959605
h2_nowcast_trends_monthly,2020-04-02,0.959276
h2_nowcast_trends_monthly,2020-04-03,0.955418
h2_nowcast_trends_monthly,2020-04-06,0.960278
h2_nowcast_trends_monthly,2020-04-07,0.966459
h2_nowcast_trends_monthly,2020-04-08,0.965656
h2_nowcast_trends_monthly,2020-04-09,0.96671
h2_nowcast_trends_monthly,2020-04-10,0.966875
h2_nowcast_trends_monthly,2020-04-13,0.96704
h2_nowcast_trends_monthly,2020-04-14,0.969572
h2_nowcast_trends_monthly,2020-04-15,0.962459
h2_nowcast_trends_monthly,2020-04-16,0.958469
h2_nowcast_trends_monthly,2020-04-17,0.963901
h2_nowcast_trends_monthly,2020-04-20,0.964021
h2_nowcast_trends_monthly,2020-04-21,0.964053
h2_nowcast_trends_monthly,2020-04-22,0.969065
h2_nowcast_trends_monthly,2020-04-23,0.972953
h2_nowcast_trends_monthly,2020-04-24,0.974671
h2_nowcast_trends_monthly,2020-04-27,0.974871
h2_nowcast_trends_monthly,2020-04-28,0.979282
h2_nowcast_trends_monthly,2020-04-29,0.982109
h2_nowcast_trends_monthly,2020-04-30,0.974314
h2_nowcast_trends_monthly,2020-05-01,0.973427
h2_nowcast_trends_monthly,2020-05-04,0.962609
h2_nowcast_trends_monthly,2020-05-05,0.969602
h2_nowcast_trends_monthly,2020-05-06,0.97184
h2_nowcast_trends_monthly,2020-05-07,0.967676
h2_nowcast_trends_monthly,2020-05-08,0.962146
h2_nowcast_trends_monthly,2020-05-11,0.944581
h2_nowcast_trends_monthly,2020-05-12,0.953852
h2_nowcast_trends_monthly,2020-05-13,0.954477
h2_nowcast_trends_monthly,2020-05-14,0.961723
h2_nowcast_trends_monthly,2020-05-15,0.956648
h2_nowcast_trends_monthly,2020-05-18,0.946627
h2_nowcast_trends_monthly,2020-05-19,0.936999
h2_nowcast_trends_monthly,2020-05-20,0.941461
h2_nowcast_trends_monthly,2020-05-21,0.934163
h2_nowcast_trends_monthly,2020-05-22,0.951176
h2_nowcast_trends_monthly,2020-05-25,0.945759
h2_nowcast_trends_monthly,2020-05-26,0.945571
h2_nowcast_trends_monthly,2020-05-27,0.946168
h2_nowcast_trends_monthly,2020-05-28,0.957826
h2_nowcast_trends_monthly,2020-05-29,0.968816
h2_nowcast_trends_monthly,2020-06-01,0.963814
h2_nowcast_trends_monthly,2020-06-02,0.962121
h2_nowcast_trends_monthly,2020-06-03,0.956665
h2_nowcast_trends_monthly,2020-06-04,0.954015
h2_nowcast_trends_monthly,2020-06-05,0.929452
h2_nowcast_trends_monthly,2020-06-08,0.938649
h2_nowcast_trends_monthly,2020-06-09,0.946061
h2_nowcast_trends_monthly,2020-06-10,0.945529
h2_nowcast_trends_monthly,2020-06-11,0.957775
h2_nowcast_trends_monthly,2020-06-12,0.956048
h2_nowcast_trends_monthly,2020-06-15,0.949928
h2_nowcast_trends_monthly,2020-06-16,0.936611
h2_nowcast_trends_monthly,2020-06-17,0.942876
h2_nowcast_trends_monthly,2020-06-18,0.946357
h2_nowcast_trends_monthly,2020-06-19,0.943
h2_nowcast_trends_monthly,2020-06-22,0.946913
h2_nowcast_trends_monthly,2020-06-23,0.946178
h2_nowcast_trends_monthly,2020-06-24,0.960348
h2_nowcast_trends_monthly,2020-06-25,0.957347
h2_nowcast_trends_monthly,2020-06-26,0.960518
h2_nowcast_trends_monthly,2020-06-29,0.95455
h2_nowcast_trends_monthly,2020-06-30,0.945775
h2_nowcast_trends_monthly,2020-07-01,0.941167
h2_nowcast_trends_monthly,2020-07-02,0.957068
h2_nowcast_trends_monthly,2020-07-03,0.964761
h2_nowcast_trends_monthly,2020-07-06,0.965077
h2_nowcast_trends_monthly,2020-07-07,0.959687
h2_nowcast_trends_monthly,2020-07-08,0.951716
h2_nowcast_trends_monthly,2020-07-09,0.946442
h2_nowcast_trends_monthly,2020-07-10,0.946579
h2_nowcast_trends_monthly,2020-07-13,0.955811
h2_nowcast_trends_monthly,2020-07-14,0.957085
h2_nowcast_trends_monthly,2020-07-15,0.971067
h2_nowcast_trends_monthly,2020-07-16,0.953052
h2_nowcast_trends_monthly,2020-07-17,0.946605
h2_nowcast_trends_monthly,2020-07-20,0.946975
h2_nowcast_trends_monthly,2020-07-21,0.969715
h2_nowcast_trends_monthly,2020-07-22,0.948878
h2_nowcast_trends_monthly,2020-07-23,0.939482
h2_nowcast_trends_monthly,2020-07-24,0.93314
h2_nowcast_trends_monthly,2020-07-27,0.932111
h2_nowcast_trends_monthly,2020-07-28,0.929535
h2_nowcast_trends_monthly,2020-07-29,0.942288
h2_nowcast_trends_monthly,2020-07-30,0.946433
h2_nowcast_trends_monthly,2020-07-31,0.95976
h2_nowcast_trends_monthly,2020-08-03,0.991982
h2_nowcast_trends_monthly,2020-08-04,0.958888
h2_nowcast_trends_monthly,2020-08-05,0.995681
h2_nowcast_trends_monthly,2020-08-06,0.980429
h2_nowcast_trends_monthly,2020-08-07,0.946986
h2_nowcast_trends_monthly,2020-08-10,0.96968
h2_nowcast_trends_monthly,2020-08-11,0.984639
h2_nowcast_trends_monthly,2020-08-12,0.981468
h2_nowcast_trends_monthly,2020-08-13,0.985034
h2_nowcast_trends_monthly,2020-08-14,0.979964
h2_nowcast_trends_monthly,2020-08-17,0.982682
h2_nowcast_trends_monthly,2020-08-18,0.963481
h2_nowcast_trends_monthly,2020-08-19,0.967714
h2_nowcast_trends_monthly,2020-08-20,0.953866
h2_nowcast_trends_monthly,2020-08-21,0.944291
h2_nowcast_trends_monthly,2020-08-24,0.964173
h2_nowcast_trends_monthly,2020-08-25,0.943138
h2_nowcast_trends_monthly,2020-08-26,0.962637
h2_nowcast_trends_monthly,2020-08-27,0.977035
h2_nowcast_trends_monthly,2020-08-28,0.971972
h2_nowcast_trends_monthly,2020-08-31,1.012838
h2_nowcast_trends_monthly,2020-09-01,0.977928
h2_nowcast_trends_monthly,2020-09-02,1.01784
h2_nowcast_trends_monthly,2020-09-03,1.02176
h2_nowcast_trends_monthly,2020-09-04,1.028947
h2_nowcast_trends_monthly,2020-09-07,1.026981
h2_nowcast_trends_monthly,2020-09-08,1.034397
h2_nowcast_trends_monthly,2020-09-09,1.035746
h2_nowcast_trends_monthly,2020-09-10,1.03891
h2_nowcast_trends_monthly,2020-09-11,1.043709
h2_nowcast_trends_monthly,2020-09-14,1.077046
h2_nowcast_trends_monthly,2020-09-15,1.044141
h2_nowcast_trends_monthly,2020-09-16,1.051206
h2_nowcast_trends_monthly,2020-09-17,1.057453
h2_nowcast_trends_monthly,2020-09-18,1.072456
h2_nowcast_trends_monthly,2020-09-21,1.101259
h2_nowcast_trends_monthly,2020-09-22,1.090216
h2_nowcast_trends_monthly,2020-09-23,1.106962
h2_nowcast_trends_monthly,2020-09-24,1.110605
h2_nowcast_trends_monthly,2020-09-25,1.134352
h2_nowcast_trends_monthly,2020-09-28,1.151631
h2_nowcast_trends_monthly,2020-09-29,1.153465
h2_nowcast_trends_monthly,2020-09-30,1.150159
h2_nowcast_trends_monthly,2020-10-01,1.178591
h2_nowcast_trends_monthly,2020-10-02,1.176234
h2_nowcast_trends_monthly,2020-10-05,1.176234
h2_nowcast_trends_monthly,2020-10-06,1.176234
h2_nowcast_trends_monthly,2020-10-07,1.176234
h2_nowcast_trends_monthly,2020-10-08,1.176234
h2_nowcast_trends_monthly,2020-10-09,1.176234
h2_nowcast_trends_monthly,2020-10-12,1.176234
h2_nowcast_trends_monthly,2020-10-13,1.176234
h2_nowcast_trends_monthly,2020-10-14,1.176234
h2_nowcast_trends_monthly,2020-10-15,1.176234
h2_nowcast_trends_monthly,2020-10-16,1.176234
h2_nowcast_trends_monthly,2020-10-19,1.176234
h2_nowcast_trends_monthly,2020-10-20,1.176234
h2_nowcast_trends_monthly,2020-10-21,1.176234
h2_nowcast_trends_monthly,2020-10-22,1.176234
h2_nowcast_trends_monthly,2020-10-23,1.176234
h2_nowcast_trends_monthly,2020-10-26,1.176234
h2_nowcast_trends_monthly,2020-10-27,1.176234
h2_nowcast_trends_monthly,2020-10-28,1.176234
h2_nowcast_trends_monthly,2020-10-29,1.176234
h2_nowcast_trends_monthly,2020-10-30,1.176234
h2_nowcast_trends_monthly,2020-11-02,1.176234
h2_nowcast_trends_monthly,2020-11-03,1.176234
h2_nowcast_trends_monthly,2020-11-04,1.176234
h2_nowcast_trends_monthly,2020-11-05,1.176234
h2_nowcast_trends_monthly,2020-11-06,1.176234
h2_nowcast_trends_monthly,2020-11-09,1.176234
h2_nowcast_trends_monthly,2020-11-10,1.176234
h2_nowcast_trends_monthly,2020-11-11,1.176234
h2_nowcast_trends_monthly,2020-11-12,1.176234
h2_nowcast_trends_monthly,2020-11-13,1.176234
h2_nowcast_trends_monthly,2020-11-14,1.176234
h2_nowcast_trends_monthly,2020-11-16,1.176234
h2_nowcast_trends_monthly,2020-11-17,1.176234
h2_nowcast_trends_monthly,2020-11-18,1.176234
h2_nowcast_trends_monthly,2020-11-19,1.176234
h2_nowcast_trends_monthly,2020-11-20,1.176234
h2_nowcast_trends_monthly,2020-11-23,1.176234
h2_nowcast_trends_monthly,2020-11-24,1.176234
h2_nowcast_trends_monthly,2020-11-25,1.176234
h2_nowcast_trends_monthly,2020-11-26,1.176234
h2_nowcast_trends_monthly,2020-11-27,1.176234
h2_nowcast_trends_monthly,2020-11-30,1.176234
h2_nowcast_trends_monthly,2020-12-01,1.176234
h2_nowcast_trends_monthly,2020-12-02,1.176234
h2_nowcast_trends_monthly,2020-12-03,1.176234
h2_nowcast_trends_monthly,2020-12-04,1.176234
h2_nowcast_trends_monthly,2020-12-07,1.176234
h2_nowcast_trends_monthly,2020-12-08,1.176234
h2_nowcast_trends_monthly,2020-12-09,1.176234
h2_nowcast_trends_monthly,2020-12-10,1.176234
h2_nowcast_trends_monthly,2020-12-11,1.176234
h2_nowcast_trends_monthly,2020-12-14,1.176234
h2_nowcast_trends_monthly,2020-12-15,1.176234
h2_nowcast_trends_monthly,2020-12-16,1.176234
h2_nowcast_trends_monthly,2020-12-17,1.176234
h2_nowcast_trends_monthly,2020-12-18,1.176234
h2_nowcast_trends_monthly,2020-12-21,1.176234
h2_nowcast_trends_monthly,2020-12-22,1.176234
h2_nowcast_trends_monthly,2020-12-23,1.176234
h2_nowcast_trends_monthly,2020-12-24,1.176234
h2_nowcast_trends_monthly,2020-12-25,1.176234
h2_nowcast_trends_monthly,2020-12-28,1.176234
h2_nowcast_trends_monthly,2020-12-29,1.176234
h2_nowcast_trends_monthly,2020-12-30,1.176234
h2_nowcast_trends_monthly,2020-12-31,1.176234
h2_nowcast_trends_monthly,2021-01-01,1.176234
h2_nowcast_trends_monthly,2021-01-04,1.176075
h2_nowcast_trends_monthly,2021-01-05,1.177758
h2_nowcast_trends_monthly,2021-01-06,1.207226
h2_nowcast_trends_monthly,2021-01-07,1.237142
h2_nowcast_trends_monthly,2021-01-08,1.203427
h2_nowcast_trends_monthly,2021-01-11,1.154388
h2_nowcast_trends_monthly,2021-01-12,1.109678
h2_nowcast_trends_monthly,2021-01-13,1.050823
h2_nowcast_trends_monthly,2021-01-14,1.068997
h2_nowcast_trends_monthly,2021-01-15,1.082457
h2_nowcast_trends_monthly,2021-01-18,1.08181
h2_nowcast_trends_monthly,2021-01-19,1.060347
h2_nowcast_trends_monthly,2021-01-20,1.02143
h2_nowcast_trends_monthly,2021-01-21,0.974832
h2_nowcast_trends_monthly,2021-01-22,0.985943
h2_nowcast_trends_monthly,2021-01-25,1.003208
h2_nowcast_trends_monthly,2021-01-26,1.014052
h2_nowcast_trends_monthly,2021-01-27,0.990439
h2_nowcast_trends_monthly,2021-01-28,0.989956
h2_nowcast_trends_monthly,2021-01-29,0.937964
h2_nowcast_trends_monthly,2021-02-01,0.939679
h2_nowcast_trends_monthly,2021-02-02,0.9378
h2_nowcast_trends_monthly,2021-02-03,0.9378
h2_nowcast_trends_monthly,2021-02-04,0.9378
h2_nowcast_trends_monthly,2021-02-05,0.9378
h2_nowcast_trends_monthly,2021-02-08,0.9378
h2_nowcast_trends_monthly,2021-02-09,0.9378
h2_nowcast_trends_monthly,2021-02-10,0.9378
h2_nowcast_trends_monthly,2021-02-11,0.9378
h2_nowcast_trends_monthly,2021-02-12,0.9378
h2_nowcast_trends_monthly,2021-02-15,0.9378
h2_nowcast_trends_monthly,2021-02-16,0.9378
h2_nowcast_trends_monthly,2021-02-17,0.9378
h2_nowcast_trends_monthly,2021-02-18,0.9378
h2_nowcast_trends_monthly,2021-02-19,0.9378
h2_nowcast_trends_monthly,2021-02-22,0.9378
h2_nowcast_trends_monthly,2021-02-23,0.9378
h2_nowcast_trends_monthly,2021-02-24,0.9378
h2_nowcast_trends_monthly,2021-02-25,0.9378
h2_nowcast_trends_monthly,2021-02-26,0.9378
h2_nowcast_trends_monthly,2021-03-01,0.9378
h2_nowcast_trends_monthly,2021-03-02,0.937522
h2_nowcast_trends_monthly,2021-03-03,0.962408
h2_nowcast_trends_monthly,2021-03-04,0.964974
h2_nowcast_trends_monthly,2021-03-05,0.968048
h2_nowcast_trends_monthly,2021-03-08,0.982199
h2_nowcast_trends_monthly,2021-03-09,0.98146
h2_nowcast_trends_monthly,2021-03-10,0.981182
h2_nowcast_trends_monthly,2021-03-11,0.993443
h2_nowcast_trends_monthly,2021-03-12,0.989023
h2_nowcast_trends_monthly,2021-03-15,0.988781
h2_nowcast_trends_monthly,2021-03-16,0.98613
h2_nowcast_trends_monthly,2021-03-17,0.98992
h2_nowcast_trends_monthly,2021-03-18,0.99161
h2_nowcast_trends_monthly,2021-03-19,0.999169
h2_nowcast_trends_monthly,2021-03-22,0.993229
h2_nowcast_trends_monthly,2021-03-23,0.986848
h2_nowcast_trends_monthly,2021-03-24,0.991335
h2_nowcast_trends_monthly,2021-03-25,0.992115
h2_nowcast_trends_monthly,2021-03-26,0.984057
h2_nowcast_trends_monthly,2021-03-29,0.978819
h2_nowcast_trends_monthly,2021-03-30,0.970883
h2_nowcast_trends_monthly,2021-03-31,0.971887
h2_nowcast_trends_monthly,2021-04-01,0.970857
h2_nowcast_trends_monthly,2021-04-02,0.962015
h2_nowcast_trends_monthly,2021-04-05,0.95506
h2_nowcast_trends_monthly,2021-04-06,0.951585
h2_nowcast_trends_monthly,2021-04-07,0.959868
h2_nowcast_trends_monthly,2021-04-08,0.956437
h2_nowcast_trends_monthly,2021-04-09,0.953713
h2_nowcast_trends_monthly,2021-04-12,0.957872
h2_nowcast_trends_monthly,2021-04-13,0.96202
h2_nowcast_trends_monthly,2021-04-14,0.952455
h2_nowcast_trends_monthly,2021-04-15,0.959227
h2_nowcast_trends_monthly,2021-04-16,0.963667
h2_nowcast_trends_monthly,2021-04-19,0.963563
h2_nowcast_trends_monthly,2021-04-20,0.97052
h2_nowcast_trends_monthly,2021-04-21,0.973634
h2_nowcast_trends_monthly,2021-04-22,0.958373
h2_nowcast_trends_monthly,2021-04-23,0.959398
h2_nowcast_trends_monthly,2021-04-26,0.966904
h2_nowcast_trends_monthly,2021-04-27,0.968047
h2_nowcast_trends_monthly,2021-04-28,0.977969
h2_nowcast_trends_monthly,2021-04-29,0.981912
h2_nowcast_trends_monthly,2021-04-30,0.987516
h2_nowcast_trends_monthly,2021-05-03,0.981563
h2_nowcast_trends_monthly,2021-05-04,0.981396
h2_nowcast_trends_monthly,2021-05-05,0.979886
h2_nowcast_trends_monthly,2021-05-06,0.980721
h2_nowcast_trends_monthly,2021-05-07,0.978403
h2_nowcast_trends_monthly,2021-05-10,0.974774
h2_nowcast_trends_monthly,2021-05-11,0.985709
h2_nowcast_trends_monthly,2021-05-12,0.978415
h2_nowcast_trends_monthly,2021-05-13,0.978762
h2_nowcast_trends_monthly,2021-05-14,0.973787
h2_nowcast_trends_monthly,2021-05-17,0.97125
h2_nowcast_trends_monthly,2021-05-18,0.966843
h2_nowcast_trends_monthly,2021-05-19,0.962382
h2_nowcast_trends_monthly,2021-05-20,0.969538
h2_nowcast_trends_monthly,2021-05-21,0.964007
h2_nowcast_trends_monthly,2021-05-24,0.961054
h2_nowcast_trends_monthly,2021-05-25,0.962414
h2_nowcast_trends_monthly,2021-05-26,0.964474
h2_nowcast_trends_monthly,2021-05-27,0.96641
h2_nowcast_trends_monthly,2021-05-28,0.974062
h2_nowcast_trends_monthly,2021-05-31,0.974513
h2_nowcast_trends_monthly,2021-06-01,0.979701
h2_nowcast_trends_monthly,2021-06-02,0.991826
h2_nowcast_trends_monthly,2021-06-03,0.983966
h2_nowcast_trends_monthly,2021-06-04,0.977192
h2_nowcast_trends_monthly,2021-06-07,0.976038
h2_nowcast_trends_monthly,2021-06-08,0.965648
h2_nowcast_trends_monthly,2021-06-09,0.965737
h2_nowcast_trends_monthly,2021-06-10,0.956917
h2_nowcast_trends_monthly,2021-06-11,0.960306
h2_nowcast_trends_monthly,2021-06-14,0.962185
h2_nowcast_trends_monthly,2021-06-15,0.964061
h2_nowcast_trends_monthly,2021-06-16,0.967446
h2_nowcast_trends_monthly,2021-06-17,0.959722
h2_nowcast_trends_monthly,2021-06-18,0.960055
h2_nowcast_trends_monthly,2021-06-21,0.959223
h2_nowcast_trends_monthly,2021-06-22,0.955393
h2_nowcast_trends_monthly,2021-06-23,0.957562
h2_nowcast_trends_monthly,2021-06-24,0.950568
h2_nowcast_trends_monthly,2021-06-25,0.940208
h2_nowcast_trends_monthly,2021-06-28,0.941887
h2_nowcast_trends_monthly,2021-06-29,0.94286
h2_nowcast_trends_monthly,2021-06-30,0.943101
h2_nowcast_trends_monthly,2021-07-01,0.945656
h2_nowcast_trends_monthly,2021-07-02,0.952498
h2_nowcast_trends_monthly,2021-07-05,0.949879
h2_nowcast_trends_monthly,2021-07-06,0.951775
h2_nowcast_trends_monthly,2021-07-07,0.933805
h2_nowcast_trends_monthly,2021-07-08,0.925715
h2_nowcast_trends_monthly,2021-07-09,0.929641
h2_nowcast_trends_monthly,2021-07-12,0.925641
h2_nowcast_trends_monthly,2021-07-13,0.935272
h2_nowcast_trends_monthly,2021-07-14,0.925364
h2_nowcast_trends_monthly,2021-07-15,0.924267
h2_nowcast_trends_monthly,2021-07-16,0.935299
h2_nowcast_trends_monthly,2021-07-19,0.928628
h2_nowcast_trends_monthly,2021-07-20,0.917923
h2_nowcast_trends_monthly,2021-07-21,0.92203
h2_nowcast_trends_monthly,2021-07-22,0.925479
h2_nowcast_trends_monthly,2021-07-23,0.922082
h2_nowcast_trends_monthly,2021-07-26,0.931232
h2_nowcast_trends_monthly,2021-07-27,0.924562
h2_nowcast_trends_monthly,2021-07-28,0.927729
h2_nowcast_trends_monthly,2021-07-29,0.928232
h2_nowcast_trends_monthly,2021-07-30,0.920033
h2_nowcast_trends_monthly,2021-08-02,0.928732
h2_nowcast_trends_monthly,2021-08-03,0.933149
h2_nowcast_trends_monthly,2021-08-04,0.929747
h2_nowcast_trends_monthly,2021-08-05,0.936069
h2_nowcast_trends_monthly,2021-08-06,0.924983
h2_nowcast_trends_monthly,2021-08-09,0.928702
h2_nowcast_trends_monthly,2021-08-10,0.937865
h2_nowcast_trends_monthly,2021-08-11,0.933357
h2_nowcast_trends_monthly,2021-08-12,0.935612
h2_nowcast_trends_monthly,2021-08-13,0.936518
h2_nowcast_trends_monthly,2021-08-16,0.949843
h2_nowcast_trends_monthly,2021-08-17,0.954366
h2_nowcast_trends_monthly,2021-08-18,0.956911
h2_nowcast_trends_monthly,2021-08-19,0.952554
h2_nowcast_trends_monthly,2021-08-20,0.955118
h2_nowcast_trends_monthly,2021-08-23,0.957405
h2_nowcast_trends_monthly,2021-08-24,0.952707
h2_nowcast_trends_monthly,2021-08-25,0.954759
h2_nowcast_trends_monthly,2021-08-26,0.963069
h2_nowcast_trends_monthly,2021-08-27,0.960517
h2_nowcast_trends_monthly,2021-08-30,0.968749
h2_nowcast_trends_monthly,2021-08-31,0.964051
h2_nowcast_trends_monthly,2021-09-01,0.955617
h2_nowcast_trends_monthly,2021-09-02,0.955671
h2_nowcast_trends_monthly,2021-09-03,0.960316
h2_nowcast_trends_monthly,2021-09-06,0.951711
h2_nowcast_trends_monthly,2021-09-07,0.950824
h2_nowcast_trends_monthly,2021-09-08,0.951384
h2_nowcast_trends_monthly,2021-09-09,0.955625
h2_nowcast_trends_monthly,2021-09-10,0.958133
h2_nowcast_trends_monthly,2021-09-13,0.956809
h2_nowcast_trends_monthly,2021-09-14,0.96022
h2_nowcast_trends_monthly,2021-09-15,0.949669
h2_nowcast_trends_monthly,2021-09-16,0.957619
h2_nowcast_trends_monthly,2021-09-17,0.949235
h2_nowcast_trends_monthly,2021-09-20,0.947488
h2_nowcast_trends_monthly,2021-09-21,0.954048
h2_nowcast_trends_monthly,2021-09-22,0.956726
h2_nowcast_trends_monthly,2021-09-23,0.95874
h2_nowcast_trends_monthly,2021-09-24,0.956255
h2_nowcast_trends_monthly,2021-09-27,0.960998
h2_nowcast_trends_monthly,2021-09-28,0.969367
h2_nowcast_trends_monthly,2021-09-29,0.970736
h2_nowcast_trends_monthly,2021-09-30,0.971988
h2_nowcast_trends_monthly,2021-10-01,0.974764
h2_nowcast_trends_monthly,2021-10-04,0.983649
h2_nowcast_trends_monthly,2021-10-05,0.988386
h2_nowcast_trends_monthly,2021-10-06,1.004848
h2_nowcast_trends_monthly,2021-10-07,0.997129
h2_nowcast_trends_monthly,2021-10-08,1.003902
h2_nowcast_trends_monthly,2021-10-11,0.996389
h2_nowcast_trends_monthly,2021-10-12,1.000364
h2_nowcast_trends_monthly,2021-10-13,0.998323
h2_nowcast_trends_monthly,2021-10-14,0.988249
h2_nowcast_trends_monthly,2021-10-15,0.973718
h2_nowcast_trends_monthly,2021-10-18,0.981522
h2_nowcast_trends_monthly,2021-10-19,0.977448
h2_nowcast_trends_monthly,2021-10-20,0.982051
h2_nowcast_trends_monthly,2021-10-21,0.983064
h2_nowcast_trends_monthly,2021-10-22,0.981601
h2_nowcast_trends_monthly,2021-10-25,0.977394
h2_nowcast_trends_monthly,2021-10-26,0.96828
h2_nowcast_trends_monthly,2021-10-27,0.96445
h2_nowcast_trends_monthly,2021-10-28,0.963293
h2_nowcast_trends_monthly,2021-10-29,0.96732
h2_nowcast_trends_monthly,2021-11-01,0.954801
h2_nowcast_trends_monthly,2021-11-02,0.956735
h2_nowcast_trends_monthly,2021-11-03,0.953486
h2_nowcast_trends_monthly,2021-11-04,0.967508
h2_nowcast_trends_monthly,2021-11-05,0.961664
h2_nowcast_trends_monthly,2021-11-08,0.970311
h2_nowcast_trends_monthly,2021-11-09,0.962126
h2_nowcast_trends_monthly,2021-11-10,0.959442
h2_nowcast_trends_monthly,2021-11-11,0.956801
h2_nowcast_trends_monthly,2021-11-12,0.954761
h2_nowcast_trends_monthly,2021-11-15,0.95219
h2_nowcast_trends_monthly,2021-11-16,0.946934
h2_nowcast_trends_monthly,2021-11-17,0.940312
h2_nowcast_trends_monthly,2021-11-18,0.942146
h2_nowcast_trends_monthly,2021-11-19,0.941593
h2_nowcast_trends_monthly,2021-11-22,0.936631
h2_nowcast_trends_monthly,2021-11-23,0.938305
h2_nowcast_trends_monthly,2021-11-24,0.94178
h2_nowcast_trends_monthly,2021-11-25,0.955033
h2_nowcast_trends_monthly,2021-11-26,0.959751
h2_nowcast_trends_monthly,2021-11-29,0.950826
h2_nowcast_trends_monthly,2021-11-30,0.949179
h2_nowcast_trends_monthly,2021-12-01,0.954819
h2_nowcast_trends_monthly,2021-12-02,0.95169
h2_nowcast_trends_monthly,2021-12-03,0.955533
h2_nowcast_trends_monthly,2021-12-06,0.956436
h2_nowcast_trends_monthly,2021-12-07,0.954733
h2_nowcast_trends_monthly,2021-12-08,0.945644
h2_nowcast_trends_monthly,2021-12-09,0.946895
h2_nowcast_trends_monthly,2021-12-10,0.950432
h2_nowcast_trends_monthly,2021-12-13,0.947372
h2_nowcast_trends_monthly,2021-12-14,0.961414
h2_nowcast_trends_monthly,2021-12-15,0.965515
h2_nowcast_trends_monthly,2021-12-16,0.963186
h2_nowcast_trends_monthly,2021-12-17,0.967645
h2_nowcast_trends_monthly,2021-12-20,0.962389
h2_nowcast_trends_monthly,2021-12-21,0.959539
h2_nowcast_trends_monthly,2021-12-22,0.956541
h2_nowcast_trends_monthly,2021-12-23,0.956151
h2_nowcast_trends_monthly,2021-12-24,0.95733
h2_nowcast_trends_monthly,2021-12-27,0.950939
h2_nowcast_trends_monthly,2021-12-28,0.94806
h2_nowcast_trends_monthly,2021-12-29,0.953629
h2_nowcast_trends_monthly,2021-12-30,0.950906
h2_nowcast_trends_monthly,2021-12-31,0.949357
h2_nowcast_trends_monthly,2022-01-03,0.947458
h2_nowcast_trends_monthly,2022-01-04,0.947458
h2_nowcast_trends_monthly,2022-01-05,0.947458
h2_nowcast_trends_monthly,2022-01-06,0.947458
h2_nowcast_trends_monthly,2022-01-07,0.947458
h2_nowcast_trends_monthly,2022-01-10,0.947458
h2_nowcast_trends_monthly,2022-01-11,0.947458
h2_nowcast_trends_monthly,2022-01-12,0.947458
h2_nowcast_trends_monthly,2022-01-13,0.947458
h2_nowcast_trends_monthly,2022-01-14,0.947458
h2_nowcast_trends_monthly,2022-01-17,0.947458
h2_nowcast_trends_monthly,2022-01-18,0.947458
h2_nowcast_trends_monthly,2022-01-19,0.947458
h2_nowcast_trends_monthly,2022-01-20,0.947458
h2_nowcast_trends_monthly,2022-01-21,0.947458
h2_nowcast_trends_monthly,2022-01-24,0.947458
h2_nowcast_trends_monthly,2022-01-25,0.947458
h2_nowcast_trends_monthly,2022-01-26,0.947458
h2_nowcast_trends_monthly,2022-01-27,0.947458
h2_nowcast_trends_monthly,2022-01-28,0.947458
h2_nowcast_trends_monthly,2022-01-31,0.947458
h2_nowcast_trends_monthly,2022-02-01,0.947458
h2_nowcast_trends_monthly,2022-02-02,0.947458
h2_nowcast_trends_monthly,2022-02-03,0.947458
h2_nowcast_trends_monthly,2022-02-04,0.947458
h2_nowcast_trends_monthly,2022-02-07,0.947458
h2_nowcast_trends_monthly,2022-02-08,0.947458
h2_nowcast_trends_monthly,2022-02-09,0.947458
h2_nowcast_trends_monthly,2022-02-10,0.947458
h2_nowcast_trends_monthly,2022-02-11,0.947458
h2_nowcast_trends_monthly,2022-02-14,0.947458
h2_nowcast_trends_monthly,2022-02-15,0.947458
h2_nowcast_trends_monthly,2022-02-16,0.947458
h2_nowcast_trends_monthly,2022-02-17,0.947458
h2_nowcast_trends_monthly,2022-02-18,0.947458
h2_nowcast_trends_monthly,2022-02-21,0.947458
h2_nowcast_trends_monthly,2022-02-22,0.947458
h2_nowcast_trends_monthly,2022-02-23,0.947458
h2_nowcast_trends_monthly,2022-02-24,0.947458
h2_nowcast_trends_monthly,2022-02-25,0.947458
h2_nowcast_trends_monthly,2022-02-28,0.947458
h2_nowcast_trends_monthly,2022-03-01,0.947458
h2_nowcast_trends_monthly,2022-03-02,0.947458
h2_nowcast_trends_monthly,2022-03-03,0.947458
h2_nowcast_trends_monthly,2022-03-04,0.947458
h2_nowcast_trends_monthly,2022-03-07,0.947458
h2_nowcast_trends_monthly,2022-03-08,0.947458
h2_nowcast_trends_monthly,2022-03-09,0.947458
h2_nowcast_trends_monthly,2022-03-10,0.947458
h2_nowcast_trends_monthly,2022-03-11,0.947458
h2_nowcast_trends_monthly,2022-03-14,0.947458
h2_nowcast_trends_monthly,2022-03-15,0.947458
h2_nowcast_trends_monthly,2022-03-16,0.947458
h2_nowcast_trends_monthly,2022-03-17,0.947458
h2_nowcast_trends_monthly,2022-03-18,0.947458
h2_nowcast_trends_monthly,2022-03-21,0.947458
h2_nowcast_trends_monthly,2022-03-22,0.947458
h2_nowcast_trends_monthly,2022-03-23,0.947458
h2_nowcast_trends_monthly,2022-03-24,0.947458
h2_nowcast_trends_monthly,2022-03-25,0.947458
h2_nowcast_trends_monthly,2022-03-28,0.947458
h2_nowcast_trends_monthly,2022-03-29,0.947458
h2_nowcast_trends_monthly,2022-03-30,0.947458
h2_nowcast_trends_monthly,2022-03-31,0.947458
h2_nowcast_trends_monthly,2022-04-01,0.947458
h2_nowcast_trends_monthly,2022-04-04,0.939895
h2_nowcast_trends_monthly,2022-04-05,0.941329
h2_nowcast_trends_monthly,2022-04-06,0.941845
h2_nowcast_trends_monthly,2022-04-07,0.937537
h2_nowcast_trends_monthly,2022-04-08,0.939464
h2_nowcast_trends_monthly,2022-04-11,0.940689
h2_nowcast_trends_monthly,2022-04-12,0.941573
h2_nowcast_trends_monthly,2022-04-13,0.937527
h2_nowcast_trends_monthly,2022-04-14,0.938132
h2_nowcast_trends_monthly,2022-04-15,0.938277
h2_nowcast_trends_monthly,2022-04-18,0.945274
h2_nowcast_trends_monthly,2022-04-19,0.959751
h2_nowcast_trends_monthly,2022-04-20,0.966525
h2_nowcast_trends_monthly,2022-04-21,0.969395
h2_nowcast_trends_monthly,2022-04-22,0.974887
h2_nowcast_trends_monthly,2022-04-25,0.968289
h2_nowcast_trends_monthly,2022-04-26,0.967569
h2_nowcast_trends_monthly,2022-04-27,0.962307
h2_nowcast_trends_monthly,2022-04-28,0.968911
h2_nowcast_trends_monthly,2022-04-29,0.971494
h2_nowcast_trends_monthly,2022-05-02,0.973776
h2_nowcast_trends_monthly,2022-05-03,0.971033
h2_nowcast_trends_monthly,2022-05-04,0.966576
h2_nowcast_trends_monthly,2022-05-05,0.968639
h2_nowcast_trends_monthly,2022-05-06,0.97063
h2_nowcast_trends_monthly,2022-05-09,0.9689
h2_nowcast_trends_monthly,2022-05-10,0.96682
h2_nowcast_trends_monthly,2022-05-11,0.964896
h2_nowcast_trends_monthly,2022-05-12,0.972018
h2_nowcast_trends_monthly,2022-05-13,0.978756
h2_nowcast_trends_monthly,2022-05-16,0.974557
h2_nowcast_trends_monthly,2022-05-17,0.980962
h2_nowcast_trends_monthly,2022-05-18,0.982541
h2_nowcast_trends_monthly,2022-05-19,0.98564
h2_nowcast_trends_monthly,2022-05-20,0.9885
h2_nowcast_trends_monthly,2022-05-23,0.984641
h2_nowcast_trends_monthly,2022-05-24,0.984398
h2_nowcast_trends_monthly,2022-05-25,0.993058
h2_nowcast_trends_monthly,2022-05-26,0.989511
h2_nowcast_trends_monthly,2022-05-27,0.989556
h2_nowcast_trends_monthly,2022-05-30,0.992173
h2_nowcast_trends_monthly,2022-05-31,0.991534
h2_nowcast_trends_monthly,2022-06-01,0.996242
h2_nowcast_trends_monthly,2022-06-02,0.999301
h2_nowcast_trends_monthly,2022-06-03,1.000785
h2_nowcast_trends_monthly,2022-06-06,0.998289
h2_nowcast_trends_monthly,2022-06-07,1.006171
h2_nowcast_trends_monthly,2022-06-08,1.004326
h2_nowcast_trends_monthly,2022-06-09,1.025326
h2_nowcast_trends_monthly,2022-06-10,1.032865
h2_nowcast_trends_monthly,2022-06-13,1.03113
h2_nowcast_trends_monthly,2022-06-14,1.036517
h2_nowcast_trends_monthly,2022-06-15,1.039165
h2_nowcast_trends_monthly,2022-06-16,1.046105
h2_nowcast_trends_monthly,2022-06-17,1.046755
h2_nowcast_trends_monthly,2022-06-20,1.036614
h2_nowcast_trends_monthly,2022-06-21,1.033478
h2_nowcast_trends_monthly,2022-06-22,1.031503
h2_nowcast_trends_monthly,2022-06-23,1.026098
h2_nowcast_trends_monthly,2022-06-24,1.0246
h2_nowcast_trends_monthly,2022-06-27,1.021414
h2_nowcast_trends_monthly,2022-06-28,1.024625
h2_nowcast_trends_monthly,2022-06-29,1.031496
h2_nowcast_trends_monthly,2022-06-30,1.040091
h2_nowcast_trends_monthly,2022-07-01,1.033091
h2_nowcast_trends_monthly,2022-07-04,1.021691
h2_nowcast_trends_monthly,2022-07-05,1.024258
h2_nowcast_trends_monthly,2022-07-06,1.024854
h2_nowcast_trends_monthly,2022-07-07,1.021598
h2_nowcast_trends_monthly,2022-07-08,1.008645
h2_nowcast_trends_monthly,2022-07-11,0.988579
h2_nowcast_trends_monthly,2022-07-12,0.976879
h2_nowcast_trends_monthly,2022-07-13,0.957857
h2_nowcast_trends_monthly,2022-07-14,0.957648
h2_nowcast_trends_monthly,2022-07-15,0.948247
h2_nowcast_trends_monthly,2022-07-18,0.966255
h2_nowcast_trends_monthly,2022-07-19,0.957926
h2_nowcast_trends_monthly,2022-07-20,0.966168
h2_nowcast_trends_monthly,2022-07-21,0.964456
h2_nowcast_trends_monthly,2022-07-22,0.942249
h2_nowcast_trends_monthly,2022-07-25,0.954813
h2_nowcast_trends_monthly,2022-07-26,0.954924
h2_nowcast_trends_monthly,2022-07-27,0.932331
h2_nowcast_trends_monthly,2022-07-28,0.959628
h2_nowcast_trends_monthly,2022-07-29,0.971338
h2_nowcast_trends_monthly,2022-08-01,0.983118
h2_nowcast_trends_monthly,2022-08-02,0.983688
h2_nowcast_trends_monthly,2022-08-03,0.989335
h2_nowcast_trends_monthly,2022-08-04,1.003548
h2_nowcast_trends_monthly,2022-08-05,1.011643
h2_nowcast_trends_monthly,2022-08-08,1.012522
h2_nowcast_trends_monthly,2022-08-09,1.007603
h2_nowcast_trends_monthly,2022-08-10,1.011638
h2_nowcast_trends_monthly,2022-08-11,1.007674
h2_nowcast_trends_monthly,2022-08-12,1.030856
h2_nowcast_trends_monthly,2022-08-15,1.024513
h2_nowcast_trends_monthly,2022-08-16,1.008028
h2_nowcast_trends_monthly,2022-08-17,0.994409
h2_nowcast_trends_monthly,2022-08-18,0.986679
h2_nowcast_trends_monthly,2022-08-19,0.978573
h2_nowcast_trends_monthly,2022-08-22,0.957908
h2_nowcast_trends_monthly,2022-08-23,0.940311
h2_nowcast_trends_monthly,2022-08-24,0.938081
h2_nowcast_trends_monthly,2022-08-25,0.939038
h2_nowcast_trends_monthly,2022-08-26,0.936558
h2_nowcast_trends_monthly,2022-08-29,0.960019
h2_nowcast_trends_monthly,2022-08-30,0.969709
h2_nowcast_trends_monthly,2022-08-31,0.950024
h2_nowcast_trends_monthly,2022-09-01,0.968667
h2_nowcast_trends_monthly,2022-09-02,0.959337
h2_nowcast_trends_monthly,2022-09-05,0.944506
h2_nowcast_trends_monthly,2022-09-06,0.970012
h2_nowcast_trends_monthly,2022-09-07,0.945614
h2_nowcast_trends_monthly,2022-09-08,0.951186
h2_nowcast_trends_monthly,2022-09-09,0.966842
h2_nowcast_trends_monthly,2022-09-12,0.965921
h2_nowcast_trends_monthly,2022-09-13,0.956943
h2_nowcast_trends_monthly,2022-09-14,0.941302
h2_nowcast_trends_monthly,2022-09-15,0.930127
h2_nowcast_trends_monthly,2022-09-16,0.950325
h2_nowcast_trends_monthly,2022-09-19,0.935592
h2_nowcast_trends_monthly,2022-09-20,0.748813
h2_nowcast_trends_monthly,2022-09-21,0.82443
h2_nowcast_trends_monthly,2022-09-22,0.822175
h2_nowcast_trends_monthly,2022-09-23,0.850377
h2_nowcast_trends_monthly,2022-09-26,0.879605
h2_nowcast_trends_monthly,2022-09-27,0.848167
h2_nowcast_trends_monthly,2022-09-28,0.868088
h2_nowcast_trends_monthly,2022-09-29,0.817455
h2_nowcast_trends_monthly,2022-09-30,0.775423
h2_nowcast_trends_monthly,2022-10-03,0.77382
h2_nowcast_trends_monthly,2022-10-04,0.766341
h2_nowcast_trends_monthly,2022-10-05,0.740316
h2_nowcast_trends_monthly,2022-10-06,0.735344
h2_nowcast_trends_monthly,2022-10-07,0.7164
h2_nowcast_trends_monthly,2022-10-10,0.716772
h2_nowcast_trends_monthly,2022-10-11,0.713941
h2_nowcast_trends_monthly,2022-10-12,0.700775
h2_nowcast_trends_monthly,2022-10-13,0.699743
h2_nowcast_trends_monthly,2022-10-14,0.688593
h2_nowcast_trends_monthly,2022-10-17,0.68883
h2_nowcast_trends_monthly,2022-10-18,0.684278
h2_nowcast_trends_monthly,2022-10-19,0.682783
h2_nowcast_trends_monthly,2022-10-20,0.693666
h2_nowcast_trends_monthly,2022-10-21,0.684972
h2_nowcast_trends_monthly,2022-10-24,0.672822
h2_nowcast_trends_monthly,2022-10-25,0.681003
h2_nowcast_trends_monthly,2022-10-26,0.682179
h2_nowcast_trends_monthly,2022-10-27,0.688218
h2_nowcast_trends_monthly,2022-10-28,0.670377
h2_nowcast_trends_monthly,2022-10-31,0.677123
h2_nowcast_trends_monthly,2022-11-01,0.668376
h2_nowcast_trends_monthly,2022-11-02,0.667438
h2_nowcast_trends_monthly,2022-11-03,0.664889
h2_nowcast_trends_monthly,2022-11-04,0.691516
h2_nowcast_trends_monthly,2022-11-07,0.701831
h2_nowcast_trends_monthly,2022-11-08,0.74187
h2_nowcast_trends_monthly,2022-11-09,0.742596
h2_nowcast_trends_monthly,2022-11-10,0.733033
h2_nowcast_trends_monthly,2022-11-11,0.730532
h2_nowcast_trends_monthly,2022-11-14,0.731941
h2_nowcast_trends_monthly,2022-11-15,0.731982
h2_nowcast_trends_monthly,2022-11-16,0.730905
h2_nowcast_trends_monthly,2022-11-17,0.738023
h2_nowcast_trends_monthly,2022-11-18,0.737184
h2_nowcast_trends_monthly,2022-11-21,0.736615
h2_nowcast_trends_monthly,2022-11-22,0.741391
h2_nowcast_trends_monthly,2022-11-23,0.751868
h2_nowcast_trends_monthly,2022-11-24,0.74772
h2_nowcast_trends_monthly,2022-11-25,0.743383
h2_nowcast_trends_monthly,2022-11-28,0.731914
h2_nowcast_trends_monthly,2022-11-29,0.728809
h2_nowcast_trends_monthly,2022-11-30,0.723203
h2_nowcast_trends_monthly,2022-12-01,0.726181
h2_nowcast_trends_monthly,2022-12-02,0.72769
h2_nowcast_trends_monthly,2022-12-05,0.733093
h2_nowcast_trends_monthly,2022-12-06,0.736041
h2_nowcast_trends_monthly,2022-12-07,0.737946
h2_nowcast_trends_monthly,2022-12-08,0.73621
h2_nowcast_trends_monthly,2022-12-09,0.740542
h2_nowcast_trends_monthly,2022-12-12,0.739986
h2_nowcast_trends_monthly,2022-12-13,0.743949
h2_nowcast_trends_monthly,2022-12-14,0.752011
h2_nowcast_trends_monthly,2022-12-15,0.749773
h2_nowcast_trends_monthly,2022-12-16,0.744329
h2_nowcast_trends_monthly,2022-12-19,0.740229
h2_nowcast_trends_monthly,2022-12-20,0.730269
h2_nowcast_trends_monthly,2022-12-21,0.734297
h2_nowcast_trends_monthly,2022-12-22,0.731164
h2_nowcast_trends_monthly,2022-12-23,0.732453
h2_nowcast_trends_monthly,2022-12-26,0.736004
h2_nowcast_trends_monthly,2022-12-27,0.728359
h2_nowcast_trends_monthly,2022-12-28,0.72708
h2_nowcast_trends_monthly,2022-12-29,0.728934
h2_nowcast_trends_monthly,2022-12-30,0.725793
h2_nowcast_trends_monthly,2023-01-02,0.723551
h2_nowcast_trends_monthly,2023-01-03,0.737233
h2_nowcast_trends_monthly,2023-01-04,0.745567
h2_nowcast_trends_monthly,2023-01-05,0.742537
h2_nowcast_trends_monthly,2023-01-06,0.755298
h2_nowcast_trends_monthly,2023-01-09,0.755458
h2_nowcast_trends_monthly,2023-01-10,0.736086
h2_nowcast_trends_monthly,2023-01-11,0.736642
h2_nowcast_trends_monthly,2023-01-12,0.741152
h2_nowcast_trends_monthly,2023-01-13,0.740387
h2_nowcast_trends_monthly,2023-01-16,0.744846
h2_nowcast_trends_monthly,2023-01-17,0.741701
h2_nowcast_trends_monthly,2023-01-18,0.742179
h2_nowcast_trends_monthly,2023-01-19,0.739092
h2_nowcast_trends_monthly,2023-01-20,0.73971
h2_nowcast_trends_monthly,2023-01-23,0.748239
h2_nowcast_trends_monthly,2023-01-24,0.751325
h2_nowcast_trends_monthly,2023-01-25,0.748852
h2_nowcast_trends_monthly,2023-01-26,0.762191
h2_nowcast_trends_monthly,2023-01-27,0.755464
h2_nowcast_trends_monthly,2023-01-30,0.75422
h2_nowcast_trends_monthly,2023-01-31,0.759002
h2_nowcast_trends_monthly,2023-02-01,0.757343
h2_nowcast_trends_monthly,2023-02-02,0.751007
h2_nowcast_trends_monthly,2023-02-03,0.751056
h2_nowcast_trends_monthly,2023-02-06,0.748628
h2_nowcast_trends_monthly,2023-02-07,0.750264
h2_nowcast_trends_monthly,2023-02-08,0.731857
h2_nowcast_trends_monthly,2023-02-09,0.744474
h2_nowcast_trends_monthly,2023-02-10,0.738526
h2_nowcast_trends_monthly,2023-02-13,0.746423
h2_nowcast_trends_monthly,2023-02-14,0.747044
h2_nowcast_trends_monthly,2023-02-15,0.748324
h2_nowcast_trends_monthly,2023-02-16,0.751422
h2_nowcast_trends_monthly,2023-02-17,0.760046
h2_nowcast_trends_monthly,2023-02-20,0.767441
h2_nowcast_trends_monthly,2023-02-21,0.780335
h2_nowcast_trends_monthly,2023-02-22,0.771165
h2_nowcast_trends_monthly,2023-02-23,0.773878
h2_nowcast_trends_monthly,2023-02-24,0.761386
h2_nowcast_trends_monthly,2023-02-27,0.767774
h2_nowcast_trends_monthly,2023-02-28,0.765224
h2_nowcast_trends_monthly,2023-03-01,0.768462
h2_nowcast_trends_monthly,2023-03-02,0.766925
h2_nowcast_trends_monthly,2023-03-03,0.766925
h2_nowcast_trends_monthly,2023-03-06,0.766925
h2_nowcast_trends_monthly,2023-03-07,0.766925
h2_nowcast_trends_monthly,2023-03-08,0.766925
h2_nowcast_trends_monthly,2023-03-09,0.766925
h2_nowcast_trends_monthly,2023-03-10,0.766925
h2_nowcast_trends_monthly,2023-03-13,0.766925
h2_nowcast_trends_monthly,2023-03-14,0.766925
h2_nowcast_trends_monthly,2023-03-15,0.766925
h2_nowcast_trends_monthly,2023-03-16,0.766925
h2_nowcast_trends_monthly,2023-03-17,0.766925
h2_nowcast_trends_monthly,2023-03-20,0.766925
h2_nowcast_trends_monthly,2023-03-21,0.766925
h2_nowcast_trends_monthly,2023-03-22,0.766925
h2_nowcast_trends_monthly,2023-03-23,0.766925
h2_nowcast_trends_monthly,2023-03-24,0.766925
h2_nowcast_trends_monthly,2023-03-27,0.766925
h2_nowcast_trends_monthly,2023-03-28,0.766925
h2_nowcast_trends_monthly,2023-03-29,0.766925
h2_nowcast_trends_monthly,2023-03-30,0.766925
h2_nowcast_trends_monthly,2023-03-31,0.766925
h2_nowcast_trends_monthly,2023-04-03,0.769187
h2_nowcast_trends_monthly,2023-04-04,0.765673
h2_nowcast_trends_monthly,2023-04-05,0.754333
h2_nowcast_trends_monthly,2023-04-06,0.755611
h2_nowcast_trends_monthly,2023-04-07,0.757351
h2_nowcast_trends_monthly,2023-04-10,0.763871
h2_nowcast_trends_monthly,2023-04-11,0.75915
h2_nowcast_trends_monthly,2023-04-12,0.759595
h2_nowcast_trends_monthly,2023-04-13,0.752735
h2_nowcast_trends_monthly,2023-04-14,0.739002
h2_nowcast_trends_monthly,2023-04-17,0.741138
h2_nowcast_trends_monthly,2023-04-18,0.743862
h2_nowcast_trends_monthly,2023-04-19,0.74561
h2_nowcast_trends_monthly,2023-04-20,0.744682
h2_nowcast_trends_monthly,2023-04-21,0.746609
h2_nowcast_trends_monthly,2023-04-24,0.747635
h2_nowcast_trends_monthly,2023-04-25,0.745651
h2_nowcast_trends_monthly,2023-04-26,0.74342
h2_nowcast_trends_monthly,2023-04-27,0.752028
h2_nowcast_trends_monthly,2023-04-28,0.754952
h2_nowcast_trends_monthly,2023-05-01,0.750235
h2_nowcast_trends_monthly,2023-05-02,0.742175
h2_nowcast_trends_monthly,2023-05-03,0.72977
h2_nowcast_trends_monthly,2023-05-04,0.726454
h2_nowcast_trends_monthly,2023-05-05,0.733712
h2_nowcast_trends_monthly,2023-05-08,0.721145
h2_nowcast_trends_monthly,2023-05-09,0.71744
h2_nowcast_trends_monthly,2023-05-10,0.719703
h2_nowcast_trends_monthly,2023-05-11,0.729997
h2_nowcast_trends_monthly,2023-05-12,0.723548
h2_nowcast_trends_monthly,2023-05-15,0.725888
h2_nowcast_trends_monthly,2023-05-16,0.718029
h2_nowcast_trends_monthly,2023-05-17,0.713664
h2_nowcast_trends_monthly,2023-05-18,0.715766
h2_nowcast_trends_monthly,2023-05-19,0.710969
h2_nowcast_trends_monthly,2023-05-22,0.70475
h2_nowcast_trends_monthly,2023-05-23,0.706255
h2_nowcast_trends_monthly,2023-05-24,0.70807
h2_nowcast_trends_monthly,2023-05-25,0.697273
h2_nowcast_trends_monthly,2023-05-26,0.704691
h2_nowcast_trends_monthly,2023-05-29,0.698108
h2_nowcast_trends_monthly,2023-05-30,0.722775
h2_nowcast_trends_monthly,2023-05-31,0.705207
h2_nowcast_trends_monthly,2023-06-01,0.700454
h2_nowcast_trends_monthly,2023-06-02,0.714939
h2_nowcast_trends_monthly,2023-06-05,0.725613
h2_nowcast_trends_monthly,2023-06-06,0.738602
h2_nowcast_trends_monthly,2023-06-07,0.728549
h2_nowcast_trends_monthly,2023-06-08,0.719737
h2_nowcast_trends_monthly,2023-06-09,0.712188
h2_nowcast_trends_monthly,2023-06-12,0.73708
h2_nowcast_trends_monthly,2023-06-13,0.747465
h2_nowcast_trends_monthly,2023-06-14,0.731486
h2_nowcast_trends_monthly,2023-06-15,0.738617
h2_nowcast_trends_monthly,2023-06-16,0.678464
h2_nowcast_trends_monthly,2023-06-19,0.704774
h2_nowcast_trends_monthly,2023-06-20,0.704488
h2_nowcast_trends_monthly,2023-06-21,0.690225
h2_nowcast_trends_monthly,2023-06-22,0.680148
h2_nowcast_trends_monthly,2023-06-23,0.716868
h2_nowcast_trends_monthly,2023-06-26,0.699652
h2_nowcast_trends_monthly,2023-06-27,0.673025
h2_nowcast_trends_monthly,2023-06-28,0.611512
h2_nowcast_trends_monthly,2023-06-29,0.629816
h2_nowcast_trends_monthly,2023-06-30,0.635323
h2_nowcast_trends_monthly,2023-07-03,0.651841
h2_nowcast_trends_monthly,2023-07-04,0.640569
h2_nowcast_trends_monthly,2023-07-05,0.654328
h2_nowcast_trends_monthly,2023-07-06,0.643533
h2_nowcast_trends_monthly,2023-07-07,0.60753
h2_nowcast_trends_monthly,2023-07-10,0.610828
h2_nowcast_trends_monthly,2023-07-11,0.632143
h2_nowcast_trends_monthly,2023-07-12,0.644239
h2_nowcast_trends_monthly,2023-07-13,0.623898
h2_nowcast_trends_monthly,2023-07-14,0.627028
h2_nowcast_trends_monthly,2023-07-17,0.630122
h2_nowcast_trends_monthly,2023-07-18,0.630701
h2_nowcast_trends_monthly,2023-07-19,0.632575
h2_nowcast_trends_monthly,2023-07-20,0.623415
h2_nowcast_trends_monthly,2023-07-21,0.621861
h2_nowcast_trends_monthly,2023-07-24,0.621157
h2_nowcast_trends_monthly,2023-07-25,0.637717
h2_nowcast_trends_monthly,2023-07-26,0.633105
h2_nowcast_trends_monthly,2023-07-27,0.643736
h2_nowcast_trends_monthly,2023-07-28,0.63758
h2_nowcast_trends_monthly,2023-07-31,0.631347
h2_nowcast_trends_monthly,2023-08-01,0.630026
h2_nowcast_trends_monthly,2023-08-02,0.609283
h2_nowcast_trends_monthly,2023-08-03,0.602146
h2_nowcast_trends_monthly,2023-08-04,0.600182
h2_nowcast_trends_monthly,2023-08-07,0.607368
h2_nowcast_trends_monthly,2023-08-08,0.596605
h2_nowcast_trends_monthly,2023-08-09,0.599919
h2_nowcast_trends_monthly,2023-08-10,0.623125
h2_nowcast_trends_monthly,2023-08-11,0.607635
h2_nowcast_trends_monthly,2023-08-14,0.604564
h2_nowcast_trends_monthly,2023-08-15,0.60274
h2_nowcast_trends_monthly,2023-08-16,0.605336
h2_nowcast_trends_monthly,2023-08-17,0.60326
h2_nowcast_trends_monthly,2023-08-18,0.59629
h2_nowcast_trends_monthly,2023-08-21,0.5981
h2_nowcast_trends_monthly,2023-08-22,0.593648
h2_nowcast_trends_monthly,2023-08-23,0.587658
h2_nowcast_trends_monthly,2023-08-24,0.587071
h2_nowcast_trends_monthly,2023-08-25,0.599167
h2_nowcast_trends_monthly,2023-08-28,0.618189
h2_nowcast_trends_monthly,2023-08-29,0.621719
h2_nowcast_trends_monthly,2023-08-30,0.617241
h2_nowcast_trends_monthly,2023-08-31,0.621462
h2_nowcast_trends_monthly,2023-09-01,0.614631
h2_nowcast_trends_monthly,2023-09-04,0.612312
h2_nowcast_trends_monthly,2023-09-05,0.600432
h2_nowcast_trends_monthly,2023-09-06,0.593942
h2_nowcast_trends_monthly,2023-09-07,0.585827
h2_nowcast_trends_monthly,2023-09-08,0.578713
h2_nowcast_trends_monthly,2023-09-11,0.586928
h2_nowcast_trends_monthly,2023-09-12,0.577033
h2_nowcast_trends_monthly,2023-09-13,0.580423
h2_nowcast_trends_monthly,2023-09-14,0.588001
h2_nowcast_trends_monthly,2023-09-15,0.545769
h2_nowcast_trends_monthly,2023-09-18,0.540178
h2_nowcast_trends_monthly,2023-09-19,0.545964
h2_nowcast_trends_monthly,2023-09-20,0.555571
h2_nowcast_trends_monthly,2023-09-21,0.54875
h2_nowcast_trends_monthly,2023-09-22,0.548002
h2_nowcast_trends_monthly,2023-09-25,0.548097
h2_nowcast_trends_monthly,2023-09-26,0.548279
h2_nowcast_trends_monthly,2023-09-27,0.534854
h2_nowcast_trends_monthly,2023-09-28,0.547894
h2_nowcast_trends_monthly,2023-09-29,0.549328
h2_nowcast_trends_monthly,2023-10-02,0.54823
h2_nowcast_trends_monthly,2023-10-03,0.54823
h2_nowcast_trends_monthly,2023-10-04,0.54823
h2_nowcast_trends_monthly,2023-10-05,0.54823
h2_nowcast_trends_monthly,2023-10-06,0.54823
h2_nowcast_trends_monthly,2023-10-09,0.54823
h2_nowcast_trends_monthly,2023-10-10,0.54823
h2_nowcast_trends_monthly,2023-10-11,0.54823
h2_nowcast_trends_monthly,2023-10-12,0.54823
h2_nowcast_trends_monthly,2023-10-13,0.54823
h2_nowcast_trends_monthly,2023-10-16,0.54823
h2_nowcast_trends_monthly,2023-10-17,0.54823
h2_nowcast_trends_monthly,2023-10-18,0.54823
h2_nowcast_trends_monthly,2023-10-19,0.54823
h2_nowcast_trends_monthly,2023-10-20,0.54823
h2_nowcast_trends_monthly,2023-10-23,0.54823
h2_nowcast_trends_monthly,2023-10-24,0.54823
h2_nowcast_trends_monthly,2023-10-25,0.54823
h2_nowcast_trends_monthly,2023-10-26,0.54823
h2_nowcast_trends_monthly,2023-10-27,0.54823
h2_nowcast_trends_monthly,2023-10-30,0.54823
h2_nowcast_trends_monthly,2023-10-31,0.54823
h2_nowcast_trends_monthly,2023-11-01,0.54823
h2_nowcast_trends_monthly,2023-11-02,0.54823
h2_nowcast_trends_monthly,2023-11-03,0.54823
h2_nowcast_trends_monthly,2023-11-06,0.54823
h2_nowcast_trends_monthly,2023-11-07,0.54823
h2_nowcast_trends_monthly,2023-11-08,0.54823
h2_nowcast_trends_monthly,2023-11-09,0.54823
h2_nowcast_trends_monthly,2023-11-10,0.54823
h2_nowcast_trends_monthly,2023-11-13,0.54823
h2_nowcast_trends_monthly,2023-11-14,0.54823
h2_nowcast_trends_monthly,2023-11-15,0.54823
h2_nowcast_trends_monthly,2023-11-16,0.54823
h2_nowcast_trends_monthly,2023-11-17,0.54823
h2_nowcast_trends_monthly,2023-11-20,0.54823
h2_nowcast_trends_monthly,2023-11-21,0.54823
h2_nowcast_trends_monthly,2023-11-22,0.54823
h2_nowcast_trends_monthly,2023-11-23,0.54823
h2_nowcast_trends_monthly,2023-11-24,0.54823
h2_nowcast_trends_monthly,2023-11-27,0.54823
h2_nowcast_trends_monthly,2023-11-28,0.54823
h2_nowcast_trends_monthly,2023-11-29,0.54823
h2_nowcast_trends_monthly,2023-11-30,0.54823
h2_nowcast_trends_monthly,2023-12-01,0.54823
h2_nowcast_trends_monthly,2023-12-04,0.54823
h2_nowcast_trends_monthly,2023-12-05,0.54823
h2_nowcast_trends_monthly,2023-12-06,0.54823
h2_nowcast_trends_monthly,2023-12-07,0.54823
h2_nowcast_trends_monthly,2023-12-08,0.54823
h2_nowcast_trends_monthly,2023-12-11,0.54823
h2_nowcast_trends_monthly,2023-12-12,0.54823
h2_nowcast_trends_monthly,2023-12-13,0.54823
h2_nowcast_trends_monthly,2023-12-14,0.54823
h2_nowcast_trends_monthly,2023-12-15,0.54823
h2_nowcast_trends_monthly,2023-12-18,0.54823
h2_nowcast_trends_monthly,2023-12-19,0.54823
h2_nowcast_trends_monthly,2023-12-20,0.54823
h2_nowcast_trends_monthly,2023-12-21,0.54823
h2_nowcast_trends_monthly,2023-12-22,0.54823
h2_nowcast_trends_monthly,2023-12-25,0.54823
h2_nowcast_trends_monthly,2023-12-26,0.54823
h2_nowcast_trends_monthly,2023-12-27,0.54823
h2_nowcast_trends_monthly,2023-12-28,0.54823
h2_nowcast_trends_monthly,2023-12-29,0.54823
