look_id,category
alexander-mcqueen|FW2015|001,outerwear
alexander-mcqueen|FW2015|002,outerwear
alexander-mcqueen|FW2015|004,dress
alexander-mcqueen|FW2015|005,dress
alexander-mcqueen|FW2015|006,outerwear
alexander-mcqueen|FW2015|007,outerwear
alexander-mcqueen|FW2015|008,outerwear
alexander-mcqueen|FW2015|009,shoes
alexander-mcqueen|FW2015|010,outerwear
alexander-mcqueen|FW2015|011,outerwear
alexander-mcqueen|FW2015|012,skirt
alexander-mcqueen|FW2015|013,shoes
alexander-mcqueen|FW2015|014,outerwear
alexander-mcqueen|FW2015|015,outerwear
alexander-mcqueen|FW2015|016,top
alexander-mcqueen|FW2015|017,top
alexander-mcqueen|FW2015|018,top
alexander-mcqueen|FW2015|019,outerwear
alexander-mcqueen|FW2015|020,outerwear
alexander-mcqueen|FW2015|021,outerwear
alexander-mcqueen|FW2015|022,knitwear
alexander-mcqueen|FW2015|023,dress
alexander-mcqueen|FW2015|024,tailoring
alexander-mcqueen|FW2015|025,outerwear
alexander-mcqueen|FW2015|026,tailoring
alexander-mcqueen|FW2015|027,outerwear
alexander-mcqueen|FW2015|028,tailoring
alexander-mcqueen|FW2015|029,dress
alexander-mcqueen|FW2015|031,tailoring
alexander-mcqueen|FW2015|033,outerwear
alexander-mcqueen|FW2015|034,tailoring
alexander-mcqueen|FW2015|035,tailoring
alexander-mcqueen|FW2015|038,dress
alexander-mcqueen|FW2015|039,knitwear
alexander-mcqueen|FW2015|040,dress
alexander-mcqueen|FW2015|041,dress
alexander-mcqueen|FW2015|042,dress
alexander-mcqueen|FW2015|044,dress
alexander-mcqueen|FW2015|046,dress
alexander-mcqueen|FW2015|050,dress
alexander-mcqueen|FW2015|051,dress
alexander-mcqueen|FW2015|052,dress
alexander-mcqueen|FW2015|054,dress
alexander-mcqueen|FW2015|055,dress
alexander-mcqueen|FW2015|057,outerwear
alexander-mcqueen|FW2015|059,dress
alexander-mcqueen|FW2015|060,skirt
alexander-mcqueen|FW2016|002,tailoring
alexander-mcqueen|FW2016|005,dress
alexander-mcqueen|FW2016|008,outerwear
alexander-mcqueen|FW2016|010,pants
alexander-mcqueen|FW2016|013,outerwear
alexander-mcqueen|FW2016|015,dress
alexander-mcqueen|FW2016|018,dress
alexander-mcqueen|FW2016|019,dress
alexander-mcqueen|FW2016|021,outerwear
alexander-mcqueen|FW2016|023,outerwear
alexander-mcqueen|FW2016|024,outerwear
alexander-mcqueen|FW2016|025,outerwear
alexander-mcqueen|FW2016|026,dress
alexander-mcqueen|FW2016|031,dress
alexander-mcqueen|FW2016|033,tailoring
alexander-mcqueen|FW2016|034,outerwear
alexander-mcqueen|FW2016|035,tailoring
alexander-mcqueen|FW2016|036,dress
alexander-mcqueen|FW2016|038,tailoring
alexander-mcqueen|FW2016|041,outerwear
alexander-mcqueen|FW2016|043,outerwear
alexander-mcqueen|FW2016|044,dress
alexander-mcqueen|FW2016|045,knitwear
alexander-mcqueen|FW2016|046,dress
alexander-mcqueen|FW2016|047,dress
alexander-mcqueen|FW2016|048,dress
alexander-mcqueen|FW2016|049,dress
alexander-mcqueen|FW2016|050,dress
alexander-mcqueen|FW2016|051,dress
alexander-mcqueen|FW2016|052,dress
alexander-mcqueen|FW2016|053,tailoring
alexander-mcqueen|FW2016|054,tailoring
alexander-mcqueen|FW2016|055,outerwear
alexander-mcqueen|FW2016|056,tailoring
alexander-mcqueen|FW2016|057,outerwear
alexander-mcqueen|FW2016|058,dress
alexander-mcqueen|FW2016|059,dress
alexander-mcqueen|FW2016|060,dress
alexander-mcqueen|FW2017|001,dress
alexander-mcqueen|FW2017|002,tailoring
alexander-mcqueen|FW2017|003,outerwear
alexander-mcqueen|FW2017|004,dress
alexander-mcqueen|FW2017|005,outerwear
alexander-mcqueen|FW2017|006,dress
alexander-mcqueen|FW2017|007,outerwear
alexander-mcqueen|FW2017|008,dress
alexander-mcqueen|FW2017|009,top
alexander-mcqueen|FW2017|010,accessory
alexander-mcqueen|FW2017|011,shoes
alexander-mcqueen|FW2017|012,accessory
alexander-mcqueen|FW2017|013,accessory
alexander-mcqueen|FW2017|014,outerwear
alexander-mcqueen|FW2017|015,dress
alexander-mcqueen|FW2017|017,tailoring
alexander-mcqueen|FW2017|020,dress
alexander-mcqueen|FW2017|021,outerwear
alexander-mcqueen|FW2017|022,dress
alexander-mcqueen|FW2017|023,pants
alexander-mcqueen|FW2017|024,activewear
alexander-mcqueen|FW2017|025,tailoring
alexander-mcqueen|FW2017|026,outerwear
alexander-mcqueen|FW2017|027,tailoring
alexander-mcqueen|FW2017|028,skirt
alexander-mcqueen|FW2017|029,outerwear
alexander-mcqueen|FW2017|030,tailoring
alexander-mcqueen|FW2017|031,dress
alexander-mcqueen|FW2017|032,dress
alexander-mcqueen|FW2017|033,dress
alexander-mcqueen|FW2017|034,outerwear
alexander-mcqueen|FW2017|035,outerwear
alexander-mcqueen|FW2017|036,outerwear
alexander-mcqueen|FW2017|037,dress
alexander-mcqueen|FW2017|038,knitwear
alexander-mcqueen|FW2017|039,dress
alexander-mcqueen|FW2017|040,dress
alexander-mcqueen|FW2017|041,dress
alexander-mcqueen|FW2017|042,outerwear
alexander-mcqueen|FW2017|043,dress
alexander-mcqueen|FW2017|044,tailoring
alexander-mcqueen|FW2017|045,dress
alexander-mcqueen|FW2017|046,tailoring
alexander-mcqueen|FW2017|047,tailoring
alexander-mcqueen|FW2017|048,dress
alexander-mcqueen|FW2017|049,outerwear
alexander-mcqueen|FW2017|051,dress
alexander-mcqueen|FW2017|052,dress
alexander-mcqueen|FW2017|053,tailoring
alexander-mcqueen|FW2017|054,outerwear
alexander-mcqueen|FW2017|055,tailoring
alexander-mcqueen|FW2017|056,dress
alexander-mcqueen|FW2017|057,dress
alexander-mcqueen|FW2017|058,dress
alexander-mcqueen|FW2018|001,tailoring
alexander-mcqueen|FW2018|002,tailoring
alexander-mcqueen|FW2018|003,tailoring
alexander-mcqueen|FW2018|004,dress
alexander-mcqueen|FW2018|005,tailoring
alexander-mcqueen|FW2018|006,dress
alexander-mcqueen|FW2018|007,outerwear
alexander-mcqueen|FW2018|008,tailoring
alexander-mcqueen|FW2018|009,outerwear
alexander-mcqueen|FW2018|010,dress
alexander-mcqueen|FW2018|011,dress
alexander-mcqueen|FW2018|012,tailoring
alexander-mcqueen|FW2018|013,bag
alexander-mcqueen|FW2018|014,tailoring
alexander-mcqueen|FW2018|015,tailoring
alexander-mcqueen|FW2018|016,dress
alexander-mcqueen|FW2018|017,outerwear
alexander-mcqueen|FW2018|018,dress
alexander-mcqueen|FW2018|019,outerwear
alexander-mcqueen|FW2018|020,activewear
alexander-mcqueen|FW2018|021,tailoring
alexander-mcqueen|FW2018|022,outerwear
alexander-mcqueen|FW2018|023,tailoring
alexander-mcqueen|FW2018|024,dress
alexander-mcqueen|FW2018|025,outerwear
alexander-mcqueen|FW2018|026,tailoring
alexander-mcqueen|FW2018|027,dress
alexander-mcqueen|FW2018|028,outerwear
alexander-mcqueen|FW2018|029,outerwear
alexander-mcqueen|FW2018|030,outerwear
alexander-mcqueen|FW2018|031,outerwear
alexander-mcqueen|FW2018|032,outerwear
alexander-mcqueen|FW2018|033,dress
alexander-mcqueen|FW2018|034,knitwear
alexander-mcqueen|FW2018|035,dress
alexander-mcqueen|FW2018|036,dress
alexander-mcqueen|FW2018|037,dress
alexander-mcqueen|FW2018|038,dress
alexander-mcqueen|FW2018|039,dress
alexander-mcqueen|FW2018|040,dress
alexander-mcqueen|FW2018|041,dress
alexander-mcqueen|FW2018|042,tailoring
alexander-mcqueen|FW2018|043,tailoring
alexander-mcqueen|FW2018|044,tailoring
alexander-mcqueen|FW2018|045,dress
alexander-mcqueen|FW2018|046,tailoring
alexander-mcqueen|FW2018|047,tailoring
alexander-mcqueen|FW2018|048,dress
alexander-mcqueen|FW2018|049,outerwear
alexander-mcqueen|FW2018|050,outerwear
alexander-mcqueen|FW2018|051,tailoring
alexander-mcqueen|FW2018|052,dress
alexander-mcqueen|FW2018|053,outerwear
alexander-mcqueen|FW2018|054,dress
alexander-mcqueen|FW2018|055,outerwear
alexander-mcqueen|FW2018|056,dress
alexander-mcqueen|FW2018|057,dress
alexander-mcqueen|FW2018|058,dress
alexander-mcqueen|FW2018|059,knitwear
alexander-mcqueen|FW2018|060,tailoring
alexander-mcqueen|FW2019|001,tailoring
alexander-mcqueen|FW2019|002,top
alexander-mcqueen|FW2019|003,tailoring
alexander-mcqueen|FW2019|004,tailoring
alexander-mcqueen|FW2019|005,tailoring
alexander-mcqueen|FW2019|006,tailoring
alexander-mcqueen|FW2019|007,dress
alexander-mcqueen|FW2019|008,outerwear
alexander-mcqueen|FW2019|009,tailoring
alexander-mcqueen|FW2019|010,tailoring
alexander-mcqueen|FW2019|011,tailoring
alexander-mcqueen|FW2019|012,tailoring
alexander-mcqueen|FW2019|013,shoes
alexander-mcqueen|FW2019|014,shoes
alexander-mcqueen|FW2019|015,tailoring
alexander-mcqueen|FW2019|016,outerwear
alexander-mcqueen|FW2019|017,tailoring
alexander-mcqueen|FW2019|018,dress
alexander-mcqueen|FW2019|019,outerwear
alexander-mcqueen|FW2019|020,tailoring
alexander-mcqueen|FW2019|021,dress
alexander-mcqueen|FW2019|022,activewear
alexander-mcqueen|FW2019|023,outerwear
alexander-mcqueen|FW2019|024,outerwear
alexander-mcqueen|FW2019|025,tailoring
alexander-mcqueen|FW2019|026,outerwear
alexander-mcqueen|FW2019|027,dress
alexander-mcqueen|FW2019|028,knitwear
alexander-mcqueen|FW2019|029,dress
alexander-mcqueen|FW2019|030,dress
alexander-mcqueen|FW2019|031,dress
alexander-mcqueen|FW2019|032,tailoring
alexander-mcqueen|FW2019|033,dress
alexander-mcqueen|FW2019|034,tailoring
alexander-mcqueen|FW2019|035,dress
alexander-mcqueen|FW2019|036,tailoring
alexander-mcqueen|FW2019|037,tailoring
alexander-mcqueen|FW2019|038,tailoring
alexander-mcqueen|FW2019|039,dress
alexander-mcqueen|FW2019|040,outerwear
alexander-mcqueen|FW2019|041,dress
alexander-mcqueen|FW2019|042,tailoring
alexander-mcqueen|FW2019|043,dress
alexander-mcqueen|FW2019|044,outerwear
alexander-mcqueen|FW2019|045,dress
alexander-mcqueen|FW2019|046,tailoring
alexander-mcqueen|FW2019|047,dress
alexander-mcqueen|FW2019|048,tailoring
alexander-mcqueen|FW2019|049,dress
alexander-mcqueen|FW2019|050,tailoring
alexander-mcqueen|FW2019|051,dress
alexander-mcqueen|FW2019|052,outerwear
alexander-mcqueen|FW2019|053,dress
alexander-mcqueen|FW2019|054,tailoring
alexander-mcqueen|FW2019|055,dress
alexander-mcqueen|FW2019|056,outerwear
alexander-mcqueen|FW2019|057,outerwear
alexander-mcqueen|FW2019|058,dress
alexander-mcqueen|FW2019|059,tailoring
alexander-mcqueen|FW2019|060,dress
alexander-mcqueen|FW2020|001,tailoring
alexander-mcqueen|FW2020|002,outerwear
alexander-mcqueen|FW2020|003,tailoring
alexander-mcqueen|FW2020|004,dress
alexander-mcqueen|FW2020|005,outerwear
alexander-mcqueen|FW2020|006,dress
alexander-mcqueen|FW2020|007,dress
alexander-mcqueen|FW2020|008,tailoring
alexander-mcqueen|FW2020|009,outerwear
alexander-mcqueen|FW2020|010,tailoring
alexander-mcqueen|FW2020|011,tailoring
alexander-mcqueen|FW2020|012,shoes
alexander-mcqueen|FW2020|013,tailoring
alexander-mcqueen|FW2020|014,dress
alexander-mcqueen|FW2020|015,outerwear
alexander-mcqueen|FW2020|016,dress
alexander-mcqueen|FW2020|017,outerwear
alexander-mcqueen|FW2020|018,outerwear
alexander-mcqueen|FW2020|019,outerwear
alexander-mcqueen|FW2020|020,dress
alexander-mcqueen|FW2020|021,tailoring
alexander-mcqueen|FW2020|022,outerwear
alexander-mcqueen|FW2020|023,tailoring
alexander-mcqueen|FW2020|024,dress
alexander-mcqueen|FW2020|025,outerwear
alexander-mcqueen|FW2020|026,tailoring
alexander-mcqueen|FW2020|027,skirt
alexander-mcqueen|FW2020|028,outerwear
alexander-mcqueen|FW2020|029,dress
alexander-mcqueen|FW2020|030,knitwear
alexander-mcqueen|FW2020|031,tailoring
alexander-mcqueen|FW2020|032,dress
alexander-mcqueen|FW2020|033,dress
alexander-mcqueen|FW2020|034,knitwear
alexander-mcqueen|FW2020|035,dress
alexander-mcqueen|FW2020|036,dress
alexander-mcqueen|FW2020|037,dress
alexander-mcqueen|FW2020|038,tailoring
alexander-mcqueen|FW2020|039,dress
alexander-mcqueen|FW2020|040,tailoring
alexander-mcqueen|FW2020|041,dress
alexander-mcqueen|FW2020|042,tailoring
alexander-mcqueen|FW2020|043,tailoring
alexander-mcqueen|FW2020|044,tailoring
alexander-mcqueen|FW2020|045,dress
alexander-mcqueen|FW2020|046,tailoring
alexander-mcqueen|FW2020|047,dress
alexander-mcqueen|FW2020|048,tailoring
alexander-mcqueen|FW2020|049,dress
alexander-mcqueen|FW2020|050,tailoring
alexander-mcqueen|FW2020|051,dress
alexander-mcqueen|FW2020|052,outerwear
alexander-mcqueen|FW2020|053,dress
alexander-mcqueen|FW2020|054,dress
alexander-mcqueen|FW2020|055,knitwear
alexander-mcqueen|FW2020|056,outerwear
alexander-mcqueen|FW2020|057,knitwear
alexander-mcqueen|FW2020|058,tailoring
alexander-mcqueen|FW2020|059,dress
alexander-mcqueen|FW2020|060,outerwear
alexander-mcqueen|FW2021|001,dress
alexander-mcqueen|FW2021|002,dress
alexander-mcqueen|FW2021|003,dress
alexander-mcqueen|FW2021|004,dress
alexander-mcqueen|FW2021|005,dress
alexander-mcqueen|FW2021|006,dress
alexander-mcqueen|FW2021|007,skirt
alexander-mcqueen|FW2021|008,tailoring
alexander-mcqueen|FW2021|009,outerwear
alexander-mcqueen|FW2021|010,tailoring
alexander-mcqueen|FW2021|011,dress
alexander-mcqueen|FW2021|012,outerwear
alexander-mcqueen|FW2021|013,tailoring
alexander-mcqueen|FW2021|014,tailoring
alexander-mcqueen|FW2021|015,tailoring
alexander-mcqueen|FW2021|016,tailoring
alexander-mcqueen|FW2021|017,outerwear
alexander-mcqueen|FW2021|018,outerwear
alexander-mcqueen|FW2021|019,outerwear
alexander-mcqueen|FW2021|020,dress
alexander-mcqueen|FW2021|021,knitwear
alexander-mcqueen|FW2021|022,dress
alexander-mcqueen|FW2021|023,dress
alexander-mcqueen|FW2021|024,dress
alexander-mcqueen|FW2021|025,tailoring
alexander-mcqueen|FW2021|026,dress
alexander-mcqueen|FW2021|027,tailoring
alexander-mcqueen|FW2021|028,dress
alexander-mcqueen|FW2021|029,tailoring
alexander-mcqueen|FW2021|030,tailoring
alexander-mcqueen|FW2021|031,dress
alexander-mcqueen|FW2021|032,dress
alexander-mcqueen|FW2021|033,outerwear
alexander-mcqueen|FW2021|034,dress
alexander-mcqueen|FW2021|035,dress
alexander-mcqueen|FW2021|036,dress
alexander-mcqueen|FW2021|037,outerwear
alexander-mcqueen|FW2021|038,dress
alexander-mcqueen|FW2021|039,outerwear
alexander-mcqueen|FW2021|040,dress
alexander-mcqueen|FW2021|041,dress
alexander-mcqueen|FW2021|042,tailoring
alexander-mcqueen|FW2021|043,dress
alexander-mcqueen|FW2021|044,tailoring
alexander-mcqueen|FW2021|045,outerwear
alexander-mcqueen|FW2021|046,dress
alexander-mcqueen|FW2021|047,dress
alexander-mcqueen|FW2021|048,tailoring
alexander-mcqueen|FW2021|049,dress
alexander-mcqueen|FW2021|050,dress
alexander-mcqueen|FW2021|051,tailoring
alexander-mcqueen|FW2021|052,tailoring
alexander-mcqueen|FW2021|053,dress
alexander-mcqueen|FW2021|054,dress
alexander-mcqueen|FW2021|055,tailoring
alexander-mcqueen|FW2021|056,outerwear
alexander-mcqueen|FW2021|057,tailoring
alexander-mcqueen|FW2021|058,tailoring
alexander-mcqueen|FW2021|059,outerwear
alexander-mcqueen|FW2021|060,outerwear
alexander-mcqueen|FW2022|001,dress
alexander-mcqueen|FW2022|002,dress
alexander-mcqueen|FW2022|003,dress
alexander-mcqueen|FW2022|004,tailoring
alexander-mcqueen|FW2022|005,dress
alexander-mcqueen|FW2022|006,tailoring
alexander-mcqueen|FW2022|007,dress
alexander-mcqueen|FW2022|008,tailoring
alexander-mcqueen|FW2022|009,tailoring
alexander-mcqueen|FW2022|010,outerwear
alexander-mcqueen|FW2022|011,tailoring
alexander-mcqueen|FW2022|012,dress
alexander-mcqueen|FW2022|013,outerwear
alexander-mcqueen|FW2022|014,tailoring
alexander-mcqueen|FW2022|015,tailoring
alexander-mcqueen|FW2022|016,outerwear
alexander-mcqueen|FW2022|017,dress
alexander-mcqueen|FW2022|018,outerwear
alexander-mcqueen|FW2022|019,outerwear
alexander-mcqueen|FW2022|020,outerwear
alexander-mcqueen|FW2022|021,dress
alexander-mcqueen|FW2022|022,knitwear
alexander-mcqueen|FW2022|023,dress
alexander-mcqueen|FW2022|024,dress
alexander-mcqueen|FW2022|025,dress
alexander-mcqueen|FW2022|026,tailoring
alexander-mcqueen|FW2022|027,dress
alexander-mcqueen|FW2022|028,tailoring
alexander-mcqueen|FW2022|029,dress
alexander-mcqueen|FW2022|030,tailoring
alexander-mcqueen|FW2022|031,tailoring
alexander-mcqueen|FW2022|032,dress
alexander-mcqueen|FW2022|033,dress
alexander-mcqueen|FW2022|034,tailoring
alexander-mcqueen|FW2022|035,outerwear
alexander-mcqueen|FW2022|036,dress
alexander-mcqueen|FW2022|037,tailoring
alexander-mcqueen|FW2022|038,dress
alexander-mcqueen|FW2022|039,tailoring
alexander-mcqueen|FW2022|040,tailoring
alexander-mcqueen|FW2022|041,dress
alexander-mcqueen|FW2022|042,outerwear
alexander-mcqueen|FW2022|043,outerwear
alexander-mcqueen|FW2022|044,dress
alexander-mcqueen|FW2022|045,outerwear
alexander-mcqueen|FW2022|046,dress
alexander-mcqueen|FW2022|047,outerwear
alexander-mcqueen|FW2022|048,dress
alexander-mcqueen|FW2022|049,dress
alexander-mcqueen|FW2022|050,outerwear
alexander-mcqueen|FW2022|051,dress
alexander-mcqueen|FW2022|052,outerwear
alexander-mcqueen|FW2022|053,dress
alexander-mcqueen|FW2022|054,tailoring
alexander-mcqueen|FW2022|055,dress
alexander-mcqueen|FW2022|056,tailoring
alexander-mcqueen|FW2022|057,dress
alexander-mcqueen|FW2022|058,tailoring
alexander-mcqueen|FW2022|059,dress
alexander-mcqueen|FW2022|060,tailoring
alexander-mcqueen|FW2023|001,dress
alexander-mcqueen|FW2023|002,tailoring
alexander-mcqueen|FW2023|003,dress
alexander-mcqueen|FW2023|004,tailoring
alexander-mcqueen|FW2023|005,tailoring
alexander-mcqueen|FW2023|006,tailoring
alexander-mcqueen|FW2023|007,dress
alexander-mcqueen|FW2023|008,tailoring
alexander-mcqueen|FW2023|009,accessory
alexander-mcqueen|FW2023|010,shoes
alexander-mcqueen|FW2023|011,tailoring
alexander-mcqueen|FW2023|012,tailoring
alexander-mcqueen|FW2023|013,skirt
alexander-mcqueen|FW2023|014,tailoring
alexander-mcqueen|FW2023|015,tailoring
alexander-mcqueen|FW2023|016,outerwear
alexander-mcqueen|FW2023|017,tailoring
alexander-mcqueen|FW2023|018,dress
alexander-mcqueen|FW2023|019,outerwear
alexander-mcqueen|FW2023|020,tailoring
alexander-mcqueen|FW2023|021,outerwear
alexander-mcqueen|FW2023|022,outerwear
alexander-mcqueen|FW2023|023,outerwear
alexander-mcqueen|FW2023|024,dress
alexander-mcqueen|FW2023|025,outerwear
alexander-mcqueen|FW2023|026,outerwear
alexander-mcqueen|FW2023|027,dress
alexander-mcqueen|FW2023|028,knitwear
alexander-mcqueen|FW2023|029,dress
alexander-mcqueen|FW2023|030,dress
alexander-mcqueen|FW2023|031,dress
alexander-mcqueen|FW2023|032,tailoring
alexander-mcqueen|FW2023|033,dress
alexander-mcqueen|FW2023|034,tailoring
alexander-mcqueen|FW2023|035,dress
alexander-mcqueen|FW2023|036,tailoring
alexander-mcqueen|FW2023|037,tailoring
alexander-mcqueen|FW2023|038,dress
alexander-mcqueen|FW2023|039,tailoring
alexander-mcqueen|FW2023|040,tailoring
alexander-mcqueen|FW2023|041,outerwear
alexander-mcqueen|FW2023|042,tailoring
alexander-mcqueen|FW2023|043,tailoring
alexander-mcqueen|FW2023|044,dress
alexander-mcqueen|FW2023|045,dress
alexander-mcqueen|FW2023|046,outerwear
alexander-mcqueen|FW2023|047,tailoring
alexander-mcqueen|FW2023|048,dress
alexander-mcqueen|FW2023|049,tailoring
alexander-mcqueen|FW2023|050,dress
alexander-mcqueen|FW2023|051,tailoring
alexander-mcqueen|FW2023|052,tailoring
alexander-mcqueen|FW2023|053,outerwear
alexander-mcqueen|FW2023|054,dress
alexander-mcqueen|FW2023|055,tailoring
alexander-mcqueen|FW2023|056,outerwear
alexander-mcqueen|FW2023|057,dress
alexander-mcqueen|FW2023|058,dress
alexander-mcqueen|FW2023|059,tailoring
alexander-mcqueen|FW2023|060,dress
alexander-mcqueen|FW2024|001,dress
alexander-mcqueen|FW2024|002,tailoring
alexander-mcqueen|FW2024|003,dress
alexander-mcqueen|FW2024|004,tailoring
alexander-mcqueen|FW2024|005,outerwear
alexander-mcqueen|FW2024|006,dress
alexander-mcqueen|FW2024|007,outerwear
alexander-mcqueen|FW2024|008,outerwear
alexander-mcqueen|FW2024|009,dress
alexander-mcqueen|FW2024|010,tailoring
alexander-mcqueen|FW2024|011,outerwear
alexander-mcqueen|FW2024|012,shoes
alexander-mcqueen|FW2024|013,outerwear
alexander-mcqueen|FW2024|014,outerwear
alexander-mcqueen|FW2024|015,tailoring
alexander-mcqueen|FW2024|016,outerwear
alexander-mcqueen|FW2024|017,tailoring
alexander-mcqueen|FW2024|018,dress
alexander-mcqueen|FW2024|019,outerwear
alexander-mcqueen|FW2024|020,tailoring
alexander-mcqueen|FW2024|021,tailoring
alexander-mcqueen|FW2024|022,outerwear
alexander-mcqueen|FW2024|023,dress
alexander-mcqueen|FW2024|024,tailoring
alexander-mcqueen|FW2024|025,pants
alexander-mcqueen|FW2024|026,pants
alexander-mcqueen|FW2024|027,dress
alexander-mcqueen|FW2024|028,knitwear
alexander-mcqueen|FW2024|029,dress
alexander-mcqueen|FW2024|030,dress
alexander-mcqueen|FW2024|031,dress
alexander-mcqueen|FW2024|032,tailoring
alexander-mcqueen|FW2024|033,dress
alexander-mcqueen|FW2024|034,tailoring
alexander-mcqueen|FW2024|035,dress
alexander-mcqueen|FW2024|036,tailoring
alexander-mcqueen|FW2024|037,tailoring
alexander-mcqueen|FW2024|038,dress
alexander-mcqueen|FW2024|039,dress
alexander-mcqueen|FW2024|040,knitwear
alexander-mcqueen|FW2024|041,tailoring
alexander-mcqueen|FW2024|042,tailoring
alexander-mcqueen|FW2024|043,outerwear
alexander-mcqueen|FW2024|044,tailoring
alexander-mcqueen|FW2024|045,tailoring
alexander-mcqueen|FW2024|046,outerwear
alexander-mcqueen|FW2024|047,outerwear
alexander-mcqueen|FW2024|048,outerwear
alexander-mcqueen|FW2024|049,outerwear
alexander-mcqueen|FW2024|050,dress
alexander-mcqueen|FW2024|051,outerwear
alexander-mcqueen|FW2024|052,dress
alexander-mcqueen|FW2024|053,outerwear
alexander-mcqueen|FW2024|054,outerwear
alexander-mcqueen|FW2024|055,dress
alexander-mcqueen|FW2024|056,outerwear
alexander-mcqueen|FW2024|057,outerwear
alexander-mcqueen|FW2024|058,knitwear
alexander-mcqueen|FW2024|059,outerwear
alexander-mcqueen|FW2024|060,tailoring
alexander-mcqueen|FW2025|001,outerwear
alexander-mcqueen|FW2025|002,dress
alexander-mcqueen|FW2025|003,outerwear
alexander-mcqueen|FW2025|004,outerwear
alexander-mcqueen|FW2025|005,outerwear
alexander-mcqueen|FW2025|006,tailoring
alexander-mcqueen|FW2025|007,tailoring
alexander-mcqueen|FW2025|008,tailoring
alexander-mcqueen|FW2025|009,shoes
alexander-mcqueen|FW2025|010,outerwear
alexander-mcqueen|FW2025|011,outerwear
alexander-mcqueen|FW2025|012,outerwear
alexander-mcqueen|FW2025|013,tailoring
alexander-mcqueen|FW2025|014,tailoring
alexander-mcqueen|FW2025|015,tailoring
alexander-mcqueen|FW2025|016,outerwear
alexander-mcqueen|FW2025|017,tailoring
alexander-mcqueen|FW2025|018,dress
alexander-mcqueen|FW2025|019,tailoring
alexander-mcqueen|FW2025|020,outerwear
alexander-mcqueen|FW2025|021,outerwear
alexander-mcqueen|FW2025|022,tailoring
alexander-mcqueen|FW2025|023,pants
alexander-mcqueen|FW2025|024,outerwear
alexander-mcqueen|FW2025|025,outerwear
alexander-mcqueen|FW2025|026,dress
alexander-mcqueen|FW2025|027,knitwear
alexander-mcqueen|FW2025|028,dress
alexander-mcqueen|FW2025|029,dress
alexander-mcqueen|FW2025|030,dress
alexander-mcqueen|FW2025|031,tailoring
alexander-mcqueen|FW2025|032,dress
alexander-mcqueen|FW2025|033,tailoring
alexander-mcqueen|FW2025|034,dress
alexander-mcqueen|FW2025|035,tailoring
alexander-mcqueen|FW2025|036,tailoring
alexander-mcqueen|FW2025|037,outerwear
alexander-mcqueen|FW2025|038,outerwear
alexander-mcqueen|FW2025|039,outerwear
alexander-mcqueen|FW2025|040,outerwear
alexander-mcqueen|FW2025|041,outerwear
alexander-mcqueen|FW2025|042,outerwear
alexander-mcqueen|FW2025|043,dress
alexander-mcqueen|FW2025|044,outerwear
alexander-mcqueen|FW2025|045,outerwear
alexander-mcqueen|FW2025|046,dress
alexander-mcqueen|FW2025|047,dress
alexander-mcqueen|FW2025|048,outerwear
alexander-mcqueen|FW2025|049,knitwear
alexander-mcqueen|FW2025|050,dress
alexander-mcqueen|FW2025|051,dress
alexander-mcqueen|FW2025|052,dress
alexander-mcqueen|FW2025|053,outerwear
alexander-mcqueen|FW2025|054,dress
alexander-mcqueen|FW2025|055,outerwear
alexander-mcqueen|FW2025|056,outerwear
alexander-mcqueen|FW2025|057,outerwear
alexander-mcqueen|FW2025|058,dress
alexander-mcqueen|FW2025|059,outerwear
alexander-mcqueen|FW2025|060,outerwear
alexander-mcqueen|FW2026|001,outerwear
alexander-mcqueen|FW2026|002,dress
alexander-mcqueen|FW2026|003,outerwear
alexander-mcqueen|FW2026|004,dress
alexander-mcqueen|FW2026|005,tailoring
alexander-mcqueen|FW2026|006,dress
alexander-mcqueen|FW2026|007,tailoring
alexander-mcqueen|FW2026|008,outerwear
alexander-mcqueen|FW2026|009,outerwear
alexander-mcqueen|FW2026|010,skirt
alexander-mcqueen|FW2026|011,top
alexander-mcqueen|FW2026|012,bag
alexander-mcqueen|FW2026|013,shoes
alexander-mcqueen|FW2026|014,outerwear
alexander-mcqueen|FW2026|015,tailoring
alexander-mcqueen|FW2026|016,tailoring
alexander-mcqueen|FW2026|017,dress
alexander-mcqueen|FW2026|018,outerwear
alexander-mcqueen|FW2026|019,tailoring
alexander-mcqueen|FW2026|020,outerwear
alexander-mcqueen|FW2026|021,outerwear
alexander-mcqueen|FW2026|022,outerwear
alexander-mcqueen|FW2026|023,outerwear
alexander-mcqueen|FW2026|024,pants
alexander-mcqueen|FW2026|025,skirt
alexander-mcqueen|FW2026|026,dress
alexander-mcqueen|FW2026|027,knitwear
alexander-mcqueen|FW2026|028,dress
alexander-mcqueen|FW2026|029,dress
alexander-mcqueen|FW2026|030,dress
alexander-mcqueen|FW2026|031,tailoring
alexander-mcqueen|FW2026|032,dress
alexander-mcqueen|FW2026|033,tailoring
alexander-mcqueen|FW2026|034,dress
alexander-mcqueen|FW2026|035,tailoring
alexander-mcqueen|FW2026|036,tailoring
alexander-mcqueen|FW2026|037,outerwear
alexander-mcqueen|FW2026|038,dress
alexander-mcqueen|FW2026|039,tailoring
alexander-mcqueen|FW2026|040,outerwear
alexander-mcqueen|FW2026|041,knitwear
alexander-mcqueen|FW2026|042,outerwear
alexander-mcqueen|FW2026|043,knitwear
alexander-mcqueen|FW2026|044,outerwear
alexander-mcqueen|FW2026|045,outerwear
alexander-mcqueen|FW2026|046,tailoring
alexander-mcqueen|FW2026|047,dress
alexander-mcqueen|FW2026|048,dress
alexander-mcqueen|FW2026|049,top
alexander-mcqueen|FW2026|050,outerwear
alexander-mcqueen|FW2026|051,dress
alexander-mcqueen|FW2026|052,dress
alexander-mcqueen|FW2026|053,outerwear
alexander-mcqueen|FW2026|054,dress
alexander-mcqueen|FW2026|055,knitwear
alexander-mcqueen|FW2026|056,tailoring
alexander-mcqueen|FW2026|057,dress
alexander-mcqueen|FW2026|058,tailoring
alexander-mcqueen|FW2026|059,tailoring
alexander-mcqueen|FW2026|060,dress
alexander-mcqueen|SS2016|001,tailoring
alexander-mcqueen|SS2016|002,tailoring
alexander-mcqueen|SS2016|003,dress
alexander-mcqueen|SS2016|004,dress
alexander-mcqueen|SS2016|005,dress
alexander-mcqueen|SS2016|006,dress
alexander-mcqueen|SS2016|007,dress
alexander-mcqueen|SS2016|008,outerwear
alexander-mcqueen|SS2016|009,tailoring
alexander-mcqueen|SS2016|010,dress
alexander-mcqueen|SS2016|011,pants
alexander-mcqueen|SS2016|012,outerwear
alexander-mcqueen|SS2016|013,dress
alexander-mcqueen|SS2016|014,shoes
alexander-mcqueen|SS2016|015,outerwear
alexander-mcqueen|SS2016|016,dress
alexander-mcqueen|SS2016|017,dress
alexander-mcqueen|SS2016|018,dress
alexander-mcqueen|SS2016|019,dress
alexander-mcqueen|SS2016|020,dress
alexander-mcqueen|SS2016|021,dress
alexander-mcqueen|SS2016|022,dress
alexander-mcqueen|SS2016|023,dress
alexander-mcqueen|SS2016|024,dress
alexander-mcqueen|SS2016|025,dress
alexander-mcqueen|SS2016|026,dress
alexander-mcqueen|SS2016|027,tailoring
alexander-mcqueen|SS2016|028,outerwear
alexander-mcqueen|SS2016|029,tailoring
alexander-mcqueen|SS2016|030,dress
alexander-mcqueen|SS2016|031,outerwear
alexander-mcqueen|SS2016|032,tailoring
alexander-mcqueen|SS2016|033,top
alexander-mcqueen|SS2016|034,top
alexander-mcqueen|SS2016|035,knitwear
alexander-mcqueen|SS2016|036,dress
alexander-mcqueen|SS2016|037,knitwear
alexander-mcqueen|SS2016|038,skirt
alexander-mcqueen|SS2016|039,dress
alexander-mcqueen|SS2016|040,knitwear
alexander-mcqueen|SS2016|041,dress
alexander-mcqueen|SS2016|042,dress
alexander-mcqueen|SS2016|043,dress
alexander-mcqueen|SS2016|044,tailoring
alexander-mcqueen|SS2016|045,dress
alexander-mcqueen|SS2016|046,tailoring
alexander-mcqueen|SS2016|047,dress
alexander-mcqueen|SS2016|048,outerwear
alexander-mcqueen|SS2016|049,tailoring
alexander-mcqueen|SS2016|050,dress
alexander-mcqueen|SS2016|051,tailoring
alexander-mcqueen|SS2016|052,dress
alexander-mcqueen|SS2016|053,dress
alexander-mcqueen|SS2016|054,dress
alexander-mcqueen|SS2016|055,dress
alexander-mcqueen|SS2016|056,dress
alexander-mcqueen|SS2016|057,dress
alexander-mcqueen|SS2016|058,dress
alexander-mcqueen|SS2016|059,dress
alexander-mcqueen|SS2016|060,dress
alexander-mcqueen|SS2017|001,top
alexander-mcqueen|SS2017|002,tailoring
alexander-mcqueen|SS2017|003,dress
alexander-mcqueen|SS2017|004,outerwear
alexander-mcqueen|SS2017|005,outerwear
alexander-mcqueen|SS2017|006,outerwear
alexander-mcqueen|SS2017|007,dress
alexander-mcqueen|SS2017|008,dress
alexander-mcqueen|SS2017|009,dress
alexander-mcqueen|SS2017|010,outerwear
alexander-mcqueen|SS2017|011,outerwear
alexander-mcqueen|SS2017|012,outerwear
alexander-mcqueen|SS2017|013,outerwear
alexander-mcqueen|SS2017|014,pants
alexander-mcqueen|SS2017|015,tailoring
alexander-mcqueen|SS2017|016,dress
alexander-mcqueen|SS2017|017,dress
alexander-mcqueen|SS2017|018,outerwear
alexander-mcqueen|SS2017|019,dress
alexander-mcqueen|SS2017|020,activewear
alexander-mcqueen|SS2017|021,tailoring
alexander-mcqueen|SS2017|022,outerwear
alexander-mcqueen|SS2017|023,tailoring
alexander-mcqueen|SS2017|024,dress
alexander-mcqueen|SS2017|025,outerwear
alexander-mcqueen|SS2017|026,tailoring
alexander-mcqueen|SS2017|027,dress
alexander-mcqueen|SS2017|028,tailoring
alexander-mcqueen|SS2017|029,dress
alexander-mcqueen|SS2017|030,skirt
alexander-mcqueen|SS2017|031,outerwear
alexander-mcqueen|SS2017|032,outerwear
alexander-mcqueen|SS2017|033,dress
alexander-mcqueen|SS2017|034,knitwear
alexander-mcqueen|SS2017|035,dress
alexander-mcqueen|SS2017|036,dress
alexander-mcqueen|SS2017|037,dress
alexander-mcqueen|SS2017|038,tailoring
alexander-mcqueen|SS2017|039,dress
alexander-mcqueen|SS2017|040,tailoring
alexander-mcqueen|SS2017|041,dress
alexander-mcqueen|SS2017|042,tailoring
alexander-mcqueen|SS2017|043,tailoring
alexander-mcqueen|SS2017|044,dress
alexander-mcqueen|SS2017|045,tailoring
alexander-mcqueen|SS2017|046,tailoring
alexander-mcqueen|SS2017|047,dress
alexander-mcqueen|SS2017|048,dress
alexander-mcqueen|SS2017|049,knitwear
alexander-mcqueen|SS2017|050,dress
alexander-mcqueen|SS2017|051,knitwear
alexander-mcqueen|SS2017|052,tailoring
alexander-mcqueen|SS2017|053,tailoring
alexander-mcqueen|SS2017|054,dress
alexander-mcqueen|SS2017|055,dress
alexander-mcqueen|SS2017|056,outerwear
alexander-mcqueen|SS2017|057,pants
alexander-mcqueen|SS2017|058,dress
alexander-mcqueen|SS2017|059,dress
alexander-mcqueen|SS2017|060,dress
alexander-mcqueen|SS2018|001,outerwear
alexander-mcqueen|SS2018|002,tailoring
alexander-mcqueen|SS2018|003,outerwear
alexander-mcqueen|SS2018|004,dress
alexander-mcqueen|SS2018|005,outerwear
alexander-mcqueen|SS2018|006,dress
alexander-mcqueen|SS2018|007,outerwear
alexander-mcqueen|SS2018|008,dress
alexander-mcqueen|SS2018|009,outerwear
alexander-mcqueen|SS2018|010,shoes
alexander-mcqueen|SS2018|011,dress
alexander-mcqueen|SS2018|012,dress
alexander-mcqueen|SS2018|013,outerwear
alexander-mcqueen|SS2018|014,outerwear
alexander-mcqueen|SS2018|015,dress
alexander-mcqueen|SS2018|016,skirt
alexander-mcqueen|SS2018|017,dress
alexander-mcqueen|SS2018|018,tailoring
alexander-mcqueen|SS2018|019,tailoring
alexander-mcqueen|SS2018|020,dress
alexander-mcqueen|SS2018|021,dress
alexander-mcqueen|SS2018|022,outerwear
alexander-mcqueen|SS2018|023,activewear
alexander-mcqueen|SS2018|024,dress
alexander-mcqueen|SS2018|025,dress
alexander-mcqueen|SS2018|026,tailoring
alexander-mcqueen|SS2018|027,outerwear
alexander-mcqueen|SS2018|028,tailoring
alexander-mcqueen|SS2018|029,dress
alexander-mcqueen|SS2018|030,outerwear
alexander-mcqueen|SS2018|031,tailoring
alexander-mcqueen|SS2018|032,outerwear
alexander-mcqueen|SS2018|033,dress
alexander-mcqueen|SS2018|034,dress
alexander-mcqueen|SS2018|035,outerwear
alexander-mcqueen|SS2018|036,dress
alexander-mcqueen|SS2018|037,outerwear
alexander-mcqueen|SS2018|038,dress
alexander-mcqueen|SS2018|039,knitwear
alexander-mcqueen|SS2018|040,dress
alexander-mcqueen|SS2018|041,dress
alexander-mcqueen|SS2018|042,dress
alexander-mcqueen|SS2018|043,tailoring
alexander-mcqueen|SS2018|044,dress
alexander-mcqueen|SS2018|045,tailoring
alexander-mcqueen|SS2018|046,dress
alexander-mcqueen|SS2018|047,tailoring
alexander-mcqueen|SS2018|048,tailoring
alexander-mcqueen|SS2018|049,outerwear
alexander-mcqueen|SS2018|050,dress
alexander-mcqueen|SS2018|051,dress
alexander-mcqueen|SS2018|052,dress
alexander-mcqueen|SS2018|053,dress
alexander-mcqueen|SS2018|054,dress
alexander-mcqueen|SS2018|055,outerwear
alexander-mcqueen|SS2018|056,dress
alexander-mcqueen|SS2018|057,outerwear
alexander-mcqueen|SS2018|058,dress
alexander-mcqueen|SS2018|059,outerwear
alexander-mcqueen|SS2018|060,outerwear
alexander-mcqueen|SS2019|001,tailoring
alexander-mcqueen|SS2019|002,tailoring
alexander-mcqueen|SS2019|003,outerwear
alexander-mcqueen|SS2019|004,outerwear
alexander-mcqueen|SS2019|005,dress
alexander-mcqueen|SS2019|006,outerwear
alexander-mcqueen|SS2019|007,dress
alexander-mcqueen|SS2019|008,tailoring
alexander-mcqueen|SS2019|009,tailoring
alexander-mcqueen|SS2019|010,outerwear
alexander-mcqueen|SS2019|011,tailoring
alexander-mcqueen|SS2019|012,dress
alexander-mcqueen|SS2019|013,outerwear
alexander-mcqueen|SS2019|014,tailoring
alexander-mcqueen|SS2019|015,dress
alexander-mcqueen|SS2019|016,pants
alexander-mcqueen|SS2019|017,pants
alexander-mcqueen|SS2019|018,dress
alexander-mcqueen|SS2019|019,dress
alexander-mcqueen|SS2019|020,outerwear
alexander-mcqueen|SS2019|021,dress
alexander-mcqueen|SS2019|022,knitwear
alexander-mcqueen|SS2019|023,dress
alexander-mcqueen|SS2019|024,dress
alexander-mcqueen|SS2019|025,dress
alexander-mcqueen|SS2019|026,tailoring
alexander-mcqueen|SS2019|027,dress
alexander-mcqueen|SS2019|028,tailoring
alexander-mcqueen|SS2019|029,dress
alexander-mcqueen|SS2019|030,tailoring
alexander-mcqueen|SS2019|031,tailoring
alexander-mcqueen|SS2019|032,outerwear
alexander-mcqueen|SS2019|033,dress
alexander-mcqueen|SS2019|034,tailoring
alexander-mcqueen|SS2019|035,dress
alexander-mcqueen|SS2019|036,dress
alexander-mcqueen|SS2019|037,tailoring
alexander-mcqueen|SS2019|038,dress
alexander-mcqueen|SS2019|039,tailoring
alexander-mcqueen|SS2019|040,dress
alexander-mcqueen|SS2019|041,tailoring
alexander-mcqueen|SS2019|042,dress
alexander-mcqueen|SS2019|043,dress
alexander-mcqueen|SS2019|044,dress
alexander-mcqueen|SS2019|045,dress
alexander-mcqueen|SS2019|046,outerwear
alexander-mcqueen|SS2019|047,dress
alexander-mcqueen|SS2019|048,dress
alexander-mcqueen|SS2019|049,pants
alexander-mcqueen|SS2019|050,dress
alexander-mcqueen|SS2019|051,dress
alexander-mcqueen|SS2019|052,tailoring
alexander-mcqueen|SS2019|053,dress
alexander-mcqueen|SS2019|054,tailoring
alexander-mcqueen|SS2019|055,dress
alexander-mcqueen|SS2019|056,dress
alexander-mcqueen|SS2019|057,dress
alexander-mcqueen|SS2019|058,dress
alexander-mcqueen|SS2019|059,dress
alexander-mcqueen|SS2019|060,outerwear
alexander-mcqueen|SS2020|001,top
alexander-mcqueen|SS2020|002,top
alexander-mcqueen|SS2020|003,dress
alexander-mcqueen|SS2020|004,tailoring
alexander-mcqueen|SS2020|005,dress
alexander-mcqueen|SS2020|006,outerwear
alexander-mcqueen|SS2020|007,dress
alexander-mcqueen|SS2020|008,tailoring
alexander-mcqueen|SS2020|009,dress
alexander-mcqueen|SS2020|010,top
alexander-mcqueen|SS2020|011,dress
alexander-mcqueen|SS2020|012,dress
alexander-mcqueen|SS2020|013,tailoring
alexander-mcqueen|SS2020|014,outerwear
alexander-mcqueen|SS2020|015,outerwear
alexander-mcqueen|SS2020|016,dress
alexander-mcqueen|SS2020|017,dress
alexander-mcqueen|SS2020|018,activewear
alexander-mcqueen|SS2020|019,tailoring
alexander-mcqueen|SS2020|020,dress
alexander-mcqueen|SS2020|021,tailoring
alexander-mcqueen|SS2020|022,outerwear
alexander-mcqueen|SS2020|023,tailoring
alexander-mcqueen|SS2020|024,skirt
alexander-mcqueen|SS2020|025,outerwear
alexander-mcqueen|SS2020|026,tailoring
alexander-mcqueen|SS2020|027,top
alexander-mcqueen|SS2020|028,outerwear
alexander-mcqueen|SS2020|029,outerwear
alexander-mcqueen|SS2020|030,dress
alexander-mcqueen|SS2020|031,dress
alexander-mcqueen|SS2020|032,pants
alexander-mcqueen|SS2020|033,dress
alexander-mcqueen|SS2020|034,knitwear
alexander-mcqueen|SS2020|035,dress
alexander-mcqueen|SS2020|036,dress
alexander-mcqueen|SS2020|037,dress
alexander-mcqueen|SS2020|038,tailoring
alexander-mcqueen|SS2020|039,dress
alexander-mcqueen|SS2020|040,tailoring
alexander-mcqueen|SS2020|041,dress
alexander-mcqueen|SS2020|042,tailoring
alexander-mcqueen|SS2020|043,tailoring
alexander-mcqueen|SS2020|044,dress
alexander-mcqueen|SS2020|045,dress
alexander-mcqueen|SS2020|046,dress
alexander-mcqueen|SS2020|047,tailoring
alexander-mcqueen|SS2020|048,dress
alexander-mcqueen|SS2020|049,tailoring
alexander-mcqueen|SS2020|050,dress
alexander-mcqueen|SS2020|051,tailoring
alexander-mcqueen|SS2020|052,dress
alexander-mcqueen|SS2020|053,tailoring
alexander-mcqueen|SS2020|054,outerwear
alexander-mcqueen|SS2020|055,dress
alexander-mcqueen|SS2020|056,tailoring
alexander-mcqueen|SS2020|057,dress
alexander-mcqueen|SS2020|058,dress
alexander-mcqueen|SS2020|059,tailoring
alexander-mcqueen|SS2020|060,outerwear
alexander-mcqueen|SS2021|001,tailoring
alexander-mcqueen|SS2021|002,dress
alexander-mcqueen|SS2021|003,dress
alexander-mcqueen|SS2021|004,tailoring
alexander-mcqueen|SS2021|005,dress
alexander-mcqueen|SS2021|006,dress
alexander-mcqueen|SS2021|007,dress
alexander-mcqueen|SS2021|008,outerwear
alexander-mcqueen|SS2021|010,outerwear
alexander-mcqueen|SS2021|011,dress
alexander-mcqueen|SS2021|012,outerwear
alexander-mcqueen|SS2021|013,dress
alexander-mcqueen|SS2021|014,tailoring
alexander-mcqueen|SS2021|015,outerwear
alexander-mcqueen|SS2021|016,dress
alexander-mcqueen|SS2021|017,skirt
balenciaga|FW2015|001,outerwear
balenciaga|FW2016|001,outerwear
bottega-veneta|FW2015|001,tailoring
brunello-cucinelli|FW2015|001,outerwear
burberry|FW2015|001,outerwear
celine|FW2015|001,pants
celine|FW2015|002,tailoring
celine|FW2015|003,dress
celine|FW2015|004,dress
celine|FW2015|005,outerwear
celine|FW2015|006,dress
celine|FW2015|007,dress
celine|FW2015|008,knitwear
celine|FW2015|009,pants
celine|FW2015|010,pants
celine|FW2015|011,pants
celine|FW2015|012,shirt
celine|FW2015|013,shoes
celine|FW2015|014,outerwear
celine|FW2015|015,outerwear
celine|FW2015|017,tailoring
celine|FW2015|018,tailoring
celine|FW2015|019,dress
celine|FW2015|020,outerwear
chloe|FW2015|001,outerwear
christian-dior|FW2015|001,dress
fendi|FW2015|001,outerwear
gucci|FW2015|001,dress
hermes|FW2015|001,outerwear
loewe|FW2015|001,tailoring
louis-vuitton|FW2015|001,outerwear
miu-miu|FW2015|001,outerwear
moncler|FW2015|001,dress
prada|FW2015|001,tailoring
ralph-lauren|FW2015|001,knitwear
saint-laurent|FW2015|001,tailoring
salvatore-ferragamo|FW2015|001,tailoring
valentino|FW2015|001,outerwear
